benchmark	impl	metric	threads	repeat	reference_id	reads_id	params_id	rc	wall_s	peak_rss_kb	mapped	mapq60	cmd
B01	cpp-shmap	Containment	1	median3	REF-HS1	D1-HIFI23K	paper	0	103.7	19766280	149194	139309	/usr/bin/time -v -o /tmp/baseline/raw/B01_cpp-shmap_Containment_t1_r0.time /home/mpiuser/Pesho/shmap/release/shmap -s /home/mpiuser/_paper_work/hs1.fa -p /home/mpiuser/real24k/reads_real24k.fa -k 25 -r 0.01 -t 0.4 -d 0.075 -o 0.3 -m Containment
B01	shmap-rs	Containment	1	0	REF-HS1	D1-HIFI23K	paper	0	45.96	2190652	149194	139309	/usr/bin/time -v -o /tmp/baseline/raw/B01_shmap-rs_Containment_t1_r0.time /home/mpiuser/bench-work/93ced641d8b9/target/release/shmap -s /home/mpiuser/_paper_work/hs1.fa -p /home/mpiuser/real24k/reads_real24k.fa -k 25 -r 0.01 -t 0.4 -d 0.075 -o 0.3 -m Containment -@ 1 -x --profile-log /tmp/baseline/raw/B01_shmap-rs_Containment_t1_r0.json
B01	shmap-rs	Containment	2	0	REF-HS1	D1-HIFI23K	paper	0	29.59	1860240	149194	139309	/usr/bin/time -v -o /tmp/baseline/raw/B01_shmap-rs_Containment_t2_r0.time /home/mpiuser/bench-work/93ced641d8b9/target/release/shmap -s /home/mpiuser/_paper_work/hs1.fa -p /home/mpiuser/real24k/reads_real24k.fa -k 25 -r 0.01 -t 0.4 -d 0.075 -o 0.3 -m Containment -@ 2 -x --profile-log /tmp/baseline/raw/B01_shmap-rs_Containment_t2_r0.json
B01	shmap-rs	Containment	4	0	REF-HS1	D1-HIFI23K	paper	0	17.26	1935496	149194	139309	/usr/bin/time -v -o /tmp/baseline/raw/B01_shmap-rs_Containment_t4_r0.time /home/mpiuser/bench-work/93ced641d8b9/target/release/shmap -s /home/mpiuser/_paper_work/hs1.fa -p /home/mpiuser/real24k/reads_real24k.fa -k 25 -r 0.01 -t 0.4 -d 0.075 -o 0.3 -m Containment -@ 4 -x --profile-log /tmp/baseline/raw/B01_shmap-rs_Containment_t4_r0.json
B01	shmap-rs	Containment	8	0	REF-HS1	D1-HIFI23K	paper	0	11.05	2123008	149194	139309	/usr/bin/time -v -o /tmp/baseline/raw/B01_shmap-rs_Containment_t8_r0.time /home/mpiuser/bench-work/93ced641d8b9/target/release/shmap -s /home/mpiuser/_paper_work/hs1.fa -p /home/mpiuser/real24k/reads_real24k.fa -k 25 -r 0.01 -t 0.4 -d 0.075 -o 0.3 -m Containment -@ 8 -x --profile-log /tmp/baseline/raw/B01_shmap-rs_Containment_t8_r0.json
B01	shmap-rs	Containment	16	0	REF-HS1	D1-HIFI23K	paper	0	7.98	2193480	149194	139309	/usr/bin/time -v -o /tmp/baseline/raw/B01_shmap-rs_Containment_t16_r0.time /home/mpiuser/bench-work/93ced641d8b9/target/release/shmap -s /home/mpiuser/_paper_work/hs1.fa -p /home/mpiuser/real24k/reads_real24k.fa -k 25 -r 0.01 -t 0.4 -d 0.075 -o 0.3 -m Containment -@ 16 -x --profile-log /tmp/baseline/raw/B01_shmap-rs_Containment_t16_r0.json
B01	shmap-rs	Containment	32	0	REF-HS1	D1-HIFI23K	paper	0	7.81	2323832	149194	139309	/usr/bin/time -v -o /tmp/baseline/raw/B01_shmap-rs_Containment_t32_r0.time /home/mpiuser/bench-work/93ced641d8b9/target/release/shmap -s /home/mpiuser/_paper_work/hs1.fa -p /home/mpiuser/real24k/reads_real24k.fa -k 25 -r 0.01 -t 0.4 -d 0.075 -o 0.3 -m Containment -@ 32 -x --profile-log /tmp/baseline/raw/B01_shmap-rs_Containment_t32_r0.json
B01	shmap-rs	Containment	64	0	REF-HS1	D1-HIFI23K	paper	0	9.07	2539524	149194	139309	/usr/bin/time -v -o /tmp/baseline/raw/B01_shmap-rs_Containment_t64_r0.time /home/mpiuser/bench-work/93ced641d8b9/target/release/shmap -s /home/mpiuser/_paper_work/hs1.fa -p /home/mpiuser/real24k/reads_real24k.fa -k 25 -r 0.01 -t 0.4 -d 0.075 -o 0.3 -m Containment -@ 64 -x --profile-log /tmp/baseline/raw/B01_shmap-rs_Containment_t64_r0.json
B01	cpp-shmap	Jaccard	1	median3	REF-HS1	D1-HIFI23K	paper	0	131.6	19766264	146120	138421	/usr/bin/time -v -o /tmp/baseline/raw/B01_cpp-shmap_Jaccard_t1_r0.time /home/mpiuser/Pesho/shmap/release/shmap -s /home/mpiuser/_paper_work/hs1.fa -p /home/mpiuser/real24k/reads_real24k.fa -k 25 -r 0.01 -t 0.4 -d 0.075 -o 0.3 -m Jaccard
B01	shmap-rs	Jaccard	1	0	REF-HS1	D1-HIFI23K	paper	0	58.18	2125552	146120	138421	/usr/bin/time -v -o /tmp/baseline/raw/B01_shmap-rs_Jaccard_t1_r0.time /home/mpiuser/bench-work/93ced641d8b9/target/release/shmap -s /home/mpiuser/_paper_work/hs1.fa -p /home/mpiuser/real24k/reads_real24k.fa -k 25 -r 0.01 -t 0.4 -d 0.075 -o 0.3 -m Jaccard -@ 1 -x --profile-log /tmp/baseline/raw/B01_shmap-rs_Jaccard_t1_r0.json
B01	shmap-rs	Jaccard	2	0	REF-HS1	D1-HIFI23K	paper	0	34.82	1872608	146120	138421	/usr/bin/time -v -o /tmp/baseline/raw/B01_shmap-rs_Jaccard_t2_r0.time /home/mpiuser/bench-work/93ced641d8b9/target/release/shmap -s /home/mpiuser/_paper_work/hs1.fa -p /home/mpiuser/real24k/reads_real24k.fa -k 25 -r 0.01 -t 0.4 -d 0.075 -o 0.3 -m Jaccard -@ 2 -x --profile-log /tmp/baseline/raw/B01_shmap-rs_Jaccard_t2_r0.json
B01	shmap-rs	Jaccard	4	0	REF-HS1	D1-HIFI23K	paper	0	21.02	1924980	146120	138421	/usr/bin/time -v -o /tmp/baseline/raw/B01_shmap-rs_Jaccard_t4_r0.time /home/mpiuser/bench-work/93ced641d8b9/target/release/shmap -s /home/mpiuser/_paper_work/hs1.fa -p /home/mpiuser/real24k/reads_real24k.fa -k 25 -r 0.01 -t 0.4 -d 0.075 -o 0.3 -m Jaccard -@ 4 -x --profile-log /tmp/baseline/raw/B01_shmap-rs_Jaccard_t4_r0.json
B01	shmap-rs	Jaccard	8	0	REF-HS1	D1-HIFI23K	paper	0	12.49	2125924	146120	138421	/usr/bin/time -v -o /tmp/baseline/raw/B01_shmap-rs_Jaccard_t8_r0.time /home/mpiuser/bench-work/93ced641d8b9/target/release/shmap -s /home/mpiuser/_paper_work/hs1.fa -p /home/mpiuser/real24k/reads_real24k.fa -k 25 -r 0.01 -t 0.4 -d 0.075 -o 0.3 -m Jaccard -@ 8 -x --profile-log /tmp/baseline/raw/B01_shmap-rs_Jaccard_t8_r0.json
B01	shmap-rs	Jaccard	16	0	REF-HS1	D1-HIFI23K	paper	0	8.61	2177728	146120	138421	/usr/bin/time -v -o /tmp/baseline/raw/B01_shmap-rs_Jaccard_t16_r0.time /home/mpiuser/bench-work/93ced641d8b9/target/release/shmap -s /home/mpiuser/_paper_work/hs1.fa -p /home/mpiuser/real24k/reads_real24k.fa -k 25 -r 0.01 -t 0.4 -d 0.075 -o 0.3 -m Jaccard -@ 16 -x --profile-log /tmp/baseline/raw/B01_shmap-rs_Jaccard_t16_r0.json
B01	shmap-rs	Jaccard	32	0	REF-HS1	D1-HIFI23K	paper	0	7.87	2387224	146120	138421	/usr/bin/time -v -o /tmp/baseline/raw/B01_shmap-rs_Jaccard_t32_r0.time /home/mpiuser/bench-work/93ced641d8b9/target/release/shmap -s /home/mpiuser/_paper_work/hs1.fa -p /home/mpiuser/real24k/reads_real24k.fa -k 25 -r 0.01 -t 0.4 -d 0.075 -o 0.3 -m Jaccard -@ 32 -x --profile-log /tmp/baseline/raw/B01_shmap-rs_Jaccard_t32_r0.json
B01	shmap-rs	Jaccard	64	0	REF-HS1	D1-HIFI23K	paper	0	7.94	2507788	146120	138421	/usr/bin/time -v -o /tmp/baseline/raw/B01_shmap-rs_Jaccard_t64_r0.time /home/mpiuser/bench-work/93ced641d8b9/target/release/shmap -s /home/mpiuser/_paper_work/hs1.fa -p /home/mpiuser/real24k/reads_real24k.fa -k 25 -r 0.01 -t 0.4 -d 0.075 -o 0.3 -m Jaccard -@ 64 -x --profile-log /tmp/baseline/raw/B01_shmap-rs_Jaccard_t64_r0.json
B01	cpp-shmap	bucket_SH	1	median3	REF-HS1	D1-HIFI23K	paper	0	87.12	19766764	149236	138250	/usr/bin/time -v -o /tmp/baseline/raw/B01_cpp-shmap_bucket_SH_t1_r0.time /home/mpiuser/Pesho/shmap/release/shmap -s /home/mpiuser/_paper_work/hs1.fa -p /home/mpiuser/real24k/reads_real24k.fa -k 25 -r 0.01 -t 0.4 -d 0.075 -o 0.3 -m bucket_SH
B01	shmap-rs	bucket_SH	1	0	REF-HS1	D1-HIFI23K	paper	0	38.77	2057748	149236	138250	/usr/bin/time -v -o /tmp/baseline/raw/B01_shmap-rs_bucket_SH_t1_r0.time /home/mpiuser/bench-work/93ced641d8b9/target/release/shmap -s /home/mpiuser/_paper_work/hs1.fa -p /home/mpiuser/real24k/reads_real24k.fa -k 25 -r 0.01 -t 0.4 -d 0.075 -o 0.3 -m bucket_SH -@ 1 -x --profile-log /tmp/baseline/raw/B01_shmap-rs_bucket_SH_t1_r0.json
B01	shmap-rs	bucket_SH	2	0	REF-HS1	D1-HIFI23K	paper	0	26.74	1876092	149236	138250	/usr/bin/time -v -o /tmp/baseline/raw/B01_shmap-rs_bucket_SH_t2_r0.time /home/mpiuser/bench-work/93ced641d8b9/target/release/shmap -s /home/mpiuser/_paper_work/hs1.fa -p /home/mpiuser/real24k/reads_real24k.fa -k 25 -r 0.01 -t 0.4 -d 0.075 -o 0.3 -m bucket_SH -@ 2 -x --profile-log /tmp/baseline/raw/B01_shmap-rs_bucket_SH_t2_r0.json
B01	shmap-rs	bucket_SH	4	0	REF-HS1	D1-HIFI23K	paper	0	15.58	1933384	149236	138250	/usr/bin/time -v -o /tmp/baseline/raw/B01_shmap-rs_bucket_SH_t4_r0.time /home/mpiuser/bench-work/93ced641d8b9/target/release/shmap -s /home/mpiuser/_paper_work/hs1.fa -p /home/mpiuser/real24k/reads_real24k.fa -k 25 -r 0.01 -t 0.4 -d 0.075 -o 0.3 -m bucket_SH -@ 4 -x --profile-log /tmp/baseline/raw/B01_shmap-rs_bucket_SH_t4_r0.json
B01	shmap-rs	bucket_SH	8	0	REF-HS1	D1-HIFI23K	paper	0	9.81	2119664	149236	138250	/usr/bin/time -v -o /tmp/baseline/raw/B01_shmap-rs_bucket_SH_t8_r0.time /home/mpiuser/bench-work/93ced641d8b9/target/release/shmap -s /home/mpiuser/_paper_work/hs1.fa -p /home/mpiuser/real24k/reads_real24k.fa -k 25 -r 0.01 -t 0.4 -d 0.075 -o 0.3 -m bucket_SH -@ 8 -x --profile-log /tmp/baseline/raw/B01_shmap-rs_bucket_SH_t8_r0.json
B01	shmap-rs	bucket_SH	16	0	REF-HS1	D1-HIFI23K	paper	0	7.42	2302864	149236	138250	/usr/bin/time -v -o /tmp/baseline/raw/B01_shmap-rs_bucket_SH_t16_r0.time /home/mpiuser/bench-work/93ced641d8b9/target/release/shmap -s /home/mpiuser/_paper_work/hs1.fa -p /home/mpiuser/real24k/reads_real24k.fa -k 25 -r 0.01 -t 0.4 -d 0.075 -o 0.3 -m bucket_SH -@ 16 -x --profile-log /tmp/baseline/raw/B01_shmap-rs_bucket_SH_t16_r0.json
B01	shmap-rs	bucket_SH	32	0	REF-HS1	D1-HIFI23K	paper	0	8.37	2357208	149236	138250	/usr/bin/time -v -o /tmp/baseline/raw/B01_shmap-rs_bucket_SH_t32_r0.time /home/mpiuser/bench-work/93ced641d8b9/target/release/shmap -s /home/mpiuser/_paper_work/hs1.fa -p /home/mpiuser/real24k/reads_real24k.fa -k 25 -r 0.01 -t 0.4 -d 0.075 -o 0.3 -m bucket_SH -@ 32 -x --profile-log /tmp/baseline/raw/B01_shmap-rs_bucket_SH_t32_r0.json
B01	shmap-rs	bucket_SH	64	0	REF-HS1	D1-HIFI23K	paper	0	8.71	2480472	149236	138250	/usr/bin/time -v -o /tmp/baseline/raw/B01_shmap-rs_bucket_SH_t64_r0.time /home/mpiuser/bench-work/93ced641d8b9/target/release/shmap -s /home/mpiuser/_paper_work/hs1.fa -p /home/mpiuser/real24k/reads_real24k.fa -k 25 -r 0.01 -t 0.4 -d 0.075 -o 0.3 -m bucket_SH -@ 64 -x --profile-log /tmp/baseline/raw/B01_shmap-rs_bucket_SH_t64_r0.json
B02	cpp-shmap	Containment	1	median3	REF-HS1	D2-SIM24K	paper	0	88.37	19763708	125000	117532	/usr/bin/time -v -o /tmp/baseline/raw/B02_cpp-shmap_Containment_t1_r0.time /home/mpiuser/Pesho/shmap/release/shmap -s /home/mpiuser/_paper_work/hs1.fa -p /home/mpiuser/wgs24k/reads_24kbp_1x.fa -k 25 -r 0.01 -t 0.4 -d 0.075 -o 0.3 -m Containment
B02	shmap-rs	Containment	1	0	REF-HS1	D2-SIM24K	paper	0	38.76	2071744	125000	117532	/usr/bin/time -v -o /tmp/baseline/raw/B02_shmap-rs_Containment_t1_r0.time /home/mpiuser/bench-work/93ced641d8b9/target/release/shmap -s /home/mpiuser/_paper_work/hs1.fa -p /home/mpiuser/wgs24k/reads_24kbp_1x.fa -k 25 -r 0.01 -t 0.4 -d 0.075 -o 0.3 -m Containment -@ 1 -x --profile-log /tmp/baseline/raw/B02_shmap-rs_Containment_t1_r0.json
B02	shmap-rs	Containment	2	0	REF-HS1	D2-SIM24K	paper	0	24.83	1859480	125000	117532	/usr/bin/time -v -o /tmp/baseline/raw/B02_shmap-rs_Containment_t2_r0.time /home/mpiuser/bench-work/93ced641d8b9/target/release/shmap -s /home/mpiuser/_paper_work/hs1.fa -p /home/mpiuser/wgs24k/reads_24kbp_1x.fa -k 25 -r 0.01 -t 0.4 -d 0.075 -o 0.3 -m Containment -@ 2 -x --profile-log /tmp/baseline/raw/B02_shmap-rs_Containment_t2_r0.json
B02	shmap-rs	Containment	4	0	REF-HS1	D2-SIM24K	paper	0	15.82	1937296	125000	117532	/usr/bin/time -v -o /tmp/baseline/raw/B02_shmap-rs_Containment_t4_r0.time /home/mpiuser/bench-work/93ced641d8b9/target/release/shmap -s /home/mpiuser/_paper_work/hs1.fa -p /home/mpiuser/wgs24k/reads_24kbp_1x.fa -k 25 -r 0.01 -t 0.4 -d 0.075 -o 0.3 -m Containment -@ 4 -x --profile-log /tmp/baseline/raw/B02_shmap-rs_Containment_t4_r0.json
B02	shmap-rs	Containment	8	0	REF-HS1	D2-SIM24K	paper	0	10.17	2117628	125000	117532	/usr/bin/time -v -o /tmp/baseline/raw/B02_shmap-rs_Containment_t8_r0.time /home/mpiuser/bench-work/93ced641d8b9/target/release/shmap -s /home/mpiuser/_paper_work/hs1.fa -p /home/mpiuser/wgs24k/reads_24kbp_1x.fa -k 25 -r 0.01 -t 0.4 -d 0.075 -o 0.3 -m Containment -@ 8 -x --profile-log /tmp/baseline/raw/B02_shmap-rs_Containment_t8_r0.json
B02	shmap-rs	Containment	16	0	REF-HS1	D2-SIM24K	paper	0	7.33	2180816	125000	117532	/usr/bin/time -v -o /tmp/baseline/raw/B02_shmap-rs_Containment_t16_r0.time /home/mpiuser/bench-work/93ced641d8b9/target/release/shmap -s /home/mpiuser/_paper_work/hs1.fa -p /home/mpiuser/wgs24k/reads_24kbp_1x.fa -k 25 -r 0.01 -t 0.4 -d 0.075 -o 0.3 -m Containment -@ 16 -x --profile-log /tmp/baseline/raw/B02_shmap-rs_Containment_t16_r0.json
B02	shmap-rs	Containment	32	0	REF-HS1	D2-SIM24K	paper	0	7.21	2375356	125000	117532	/usr/bin/time -v -o /tmp/baseline/raw/B02_shmap-rs_Containment_t32_r0.time /home/mpiuser/bench-work/93ced641d8b9/target/release/shmap -s /home/mpiuser/_paper_work/hs1.fa -p /home/mpiuser/wgs24k/reads_24kbp_1x.fa -k 25 -r 0.01 -t 0.4 -d 0.075 -o 0.3 -m Containment -@ 32 -x --profile-log /tmp/baseline/raw/B02_shmap-rs_Containment_t32_r0.json
B02	shmap-rs	Containment	64	0	REF-HS1	D2-SIM24K	paper	0	7.88	2532556	125000	117532	/usr/bin/time -v -o /tmp/baseline/raw/B02_shmap-rs_Containment_t64_r0.time /home/mpiuser/bench-work/93ced641d8b9/target/release/shmap -s /home/mpiuser/_paper_work/hs1.fa -p /home/mpiuser/wgs24k/reads_24kbp_1x.fa -k 25 -r 0.01 -t 0.4 -d 0.075 -o 0.3 -m Containment -@ 64 -x --profile-log /tmp/baseline/raw/B02_shmap-rs_Containment_t64_r0.json
B02	cpp-shmap	Jaccard	1	median3	REF-HS1	D2-SIM24K	paper	0	117.8	19763708	125000	119065	/usr/bin/time -v -o /tmp/baseline/raw/B02_cpp-shmap_Jaccard_t1_r0.time /home/mpiuser/Pesho/shmap/release/shmap -s /home/mpiuser/_paper_work/hs1.fa -p /home/mpiuser/wgs24k/reads_24kbp_1x.fa -k 25 -r 0.01 -t 0.4 -d 0.075 -o 0.3 -m Jaccard
B02	shmap-rs	Jaccard	1	0	REF-HS1	D2-SIM24K	paper	0	51.59	2036408	125000	119065	/usr/bin/time -v -o /tmp/baseline/raw/B02_shmap-rs_Jaccard_t1_r0.time /home/mpiuser/bench-work/93ced641d8b9/target/release/shmap -s /home/mpiuser/_paper_work/hs1.fa -p /home/mpiuser/wgs24k/reads_24kbp_1x.fa -k 25 -r 0.01 -t 0.4 -d 0.075 -o 0.3 -m Jaccard -@ 1 -x --profile-log /tmp/baseline/raw/B02_shmap-rs_Jaccard_t1_r0.json
B02	shmap-rs	Jaccard	2	0	REF-HS1	D2-SIM24K	paper	0	30.38	1869260	125000	119065	/usr/bin/time -v -o /tmp/baseline/raw/B02_shmap-rs_Jaccard_t2_r0.time /home/mpiuser/bench-work/93ced641d8b9/target/release/shmap -s /home/mpiuser/_paper_work/hs1.fa -p /home/mpiuser/wgs24k/reads_24kbp_1x.fa -k 25 -r 0.01 -t 0.4 -d 0.075 -o 0.3 -m Jaccard -@ 2 -x --profile-log /tmp/baseline/raw/B02_shmap-rs_Jaccard_t2_r0.json
B02	shmap-rs	Jaccard	4	0	REF-HS1	D2-SIM24K	paper	0	19.17	1940576	125000	119065	/usr/bin/time -v -o /tmp/baseline/raw/B02_shmap-rs_Jaccard_t4_r0.time /home/mpiuser/bench-work/93ced641d8b9/target/release/shmap -s /home/mpiuser/_paper_work/hs1.fa -p /home/mpiuser/wgs24k/reads_24kbp_1x.fa -k 25 -r 0.01 -t 0.4 -d 0.075 -o 0.3 -m Jaccard -@ 4 -x --profile-log /tmp/baseline/raw/B02_shmap-rs_Jaccard_t4_r0.json
B02	shmap-rs	Jaccard	8	0	REF-HS1	D2-SIM24K	paper	0	11.69	2109300	125000	119065	/usr/bin/time -v -o /tmp/baseline/raw/B02_shmap-rs_Jaccard_t8_r0.time /home/mpiuser/bench-work/93ced641d8b9/target/release/shmap -s /home/mpiuser/_paper_work/hs1.fa -p /home/mpiuser/wgs24k/reads_24kbp_1x.fa -k 25 -r 0.01 -t 0.4 -d 0.075 -o 0.3 -m Jaccard -@ 8 -x --profile-log /tmp/baseline/raw/B02_shmap-rs_Jaccard_t8_r0.json
B02	shmap-rs	Jaccard	16	0	REF-HS1	D2-SIM24K	paper	0	8.43	2183344	125000	119065	/usr/bin/time -v -o /tmp/baseline/raw/B02_shmap-rs_Jaccard_t16_r0.time /home/mpiuser/bench-work/93ced641d8b9/target/release/shmap -s /home/mpiuser/_paper_work/hs1.fa -p /home/mpiuser/wgs24k/reads_24kbp_1x.fa -k 25 -r 0.01 -t 0.4 -d 0.075 -o 0.3 -m Jaccard -@ 16 -x --profile-log /tmp/baseline/raw/B02_shmap-rs_Jaccard_t16_r0.json
B02	shmap-rs	Jaccard	32	0	REF-HS1	D2-SIM24K	paper	0	7.88	2427500	125000	119065	/usr/bin/time -v -o /tmp/baseline/raw/B02_shmap-rs_Jaccard_t32_r0.time /home/mpiuser/bench-work/93ced641d8b9/target/release/shmap -s /home/mpiuser/_paper_work/hs1.fa -p /home/mpiuser/wgs24k/reads_24kbp_1x.fa -k 25 -r 0.01 -t 0.4 -d 0.075 -o 0.3 -m Jaccard -@ 32 -x --profile-log /tmp/baseline/raw/B02_shmap-rs_Jaccard_t32_r0.json
B02	shmap-rs	Jaccard	64	0	REF-HS1	D2-SIM24K	paper	0	7.09	2473972	125000	119065	/usr/bin/time -v -o /tmp/baseline/raw/B02_shmap-rs_Jaccard_t64_r0.time /home/mpiuser/bench-work/93ced641d8b9/target/release/shmap -s /home/mpiuser/_paper_work/hs1.fa -p /home/mpiuser/wgs24k/reads_24kbp_1x.fa -k 25 -r 0.01 -t 0.4 -d 0.075 -o 0.3 -m Jaccard -@ 64 -x --profile-log /tmp/baseline/raw/B02_shmap-rs_Jaccard_t64_r0.json
B02	cpp-shmap	bucket_SH	1	median3	REF-HS1	D2-SIM24K	paper	0	81.11	19763708	125000	116802	/usr/bin/time -v -o /tmp/baseline/raw/B02_cpp-shmap_bucket_SH_t1_r0.time /home/mpiuser/Pesho/shmap/release/shmap -s /home/mpiuser/_paper_work/hs1.fa -p /home/mpiuser/wgs24k/reads_24kbp_1x.fa -k 25 -r 0.01 -t 0.4 -d 0.075 -o 0.3 -m bucket_SH
B02	shmap-rs	bucket_SH	1	0	REF-HS1	D2-SIM24K	paper	0	36.35	1909448	125000	116800	/usr/bin/time -v -o /tmp/baseline/raw/B02_shmap-rs_bucket_SH_t1_r0.time /home/mpiuser/bench-work/93ced641d8b9/target/release/shmap -s /home/mpiuser/_paper_work/hs1.fa -p /home/mpiuser/wgs24k/reads_24kbp_1x.fa -k 25 -r 0.01 -t 0.4 -d 0.075 -o 0.3 -m bucket_SH -@ 1 -x --profile-log /tmp/baseline/raw/B02_shmap-rs_bucket_SH_t1_r0.json
B02	shmap-rs	bucket_SH	2	0	REF-HS1	D2-SIM24K	paper	0	23.79	1869820	125000	116800	/usr/bin/time -v -o /tmp/baseline/raw/B02_shmap-rs_bucket_SH_t2_r0.time /home/mpiuser/bench-work/93ced641d8b9/target/release/shmap -s /home/mpiuser/_paper_work/hs1.fa -p /home/mpiuser/wgs24k/reads_24kbp_1x.fa -k 25 -r 0.01 -t 0.4 -d 0.075 -o 0.3 -m bucket_SH -@ 2 -x --profile-log /tmp/baseline/raw/B02_shmap-rs_bucket_SH_t2_r0.json
B02	shmap-rs	bucket_SH	4	0	REF-HS1	D2-SIM24K	paper	0	14.55	1934172	125000	116800	/usr/bin/time -v -o /tmp/baseline/raw/B02_shmap-rs_bucket_SH_t4_r0.time /home/mpiuser/bench-work/93ced641d8b9/target/release/shmap -s /home/mpiuser/_paper_work/hs1.fa -p /home/mpiuser/wgs24k/reads_24kbp_1x.fa -k 25 -r 0.01 -t 0.4 -d 0.075 -o 0.3 -m bucket_SH -@ 4 -x --profile-log /tmp/baseline/raw/B02_shmap-rs_bucket_SH_t4_r0.json
B02	shmap-rs	bucket_SH	8	0	REF-HS1	D2-SIM24K	paper	0	8.92	2092276	125000	116800	/usr/bin/time -v -o /tmp/baseline/raw/B02_shmap-rs_bucket_SH_t8_r0.time /home/mpiuser/bench-work/93ced641d8b9/target/release/shmap -s /home/mpiuser/_paper_work/hs1.fa -p /home/mpiuser/wgs24k/reads_24kbp_1x.fa -k 25 -r 0.01 -t 0.4 -d 0.075 -o 0.3 -m bucket_SH -@ 8 -x --profile-log /tmp/baseline/raw/B02_shmap-rs_bucket_SH_t8_r0.json
B02	shmap-rs	bucket_SH	16	0	REF-HS1	D2-SIM24K	paper	0	7.29	2226348	125000	116800	/usr/bin/time -v -o /tmp/baseline/raw/B02_shmap-rs_bucket_SH_t16_r0.time /home/mpiuser/bench-work/93ced641d8b9/target/release/shmap -s /home/mpiuser/_paper_work/hs1.fa -p /home/mpiuser/wgs24k/reads_24kbp_1x.fa -k 25 -r 0.01 -t 0.4 -d 0.075 -o 0.3 -m bucket_SH -@ 16 -x --profile-log /tmp/baseline/raw/B02_shmap-rs_bucket_SH_t16_r0.json
B02	shmap-rs	bucket_SH	32	0	REF-HS1	D2-SIM24K	paper	0	7.15	2304532	125000	116800	/usr/bin/time -v -o /tmp/baseline/raw/B02_shmap-rs_bucket_SH_t32_r0.time /home/mpiuser/bench-work/93ced641d8b9/target/release/shmap -s /home/mpiuser/_paper_work/hs1.fa -p /home/mpiuser/wgs24k/reads_24kbp_1x.fa -k 25 -r 0.01 -t 0.4 -d 0.075 -o 0.3 -m bucket_SH -@ 32 -x --profile-log /tmp/baseline/raw/B02_shmap-rs_bucket_SH_t32_r0.json
B02	shmap-rs	bucket_SH	64	0	REF-HS1	D2-SIM24K	paper	0	7.93	2544900	125000	116800	/usr/bin/time -v -o /tmp/baseline/raw/B02_shmap-rs_bucket_SH_t64_r0.time /home/mpiuser/bench-work/93ced641d8b9/target/release/shmap -s /home/mpiuser/_paper_work/hs1.fa -p /home/mpiuser/wgs24k/reads_24kbp_1x.fa -k 25 -r 0.01 -t 0.4 -d 0.075 -o 0.3 -m bucket_SH -@ 64 -x --profile-log /tmp/baseline/raw/B02_shmap-rs_bucket_SH_t64_r0.json
B03	cpp-shmap	Containment	1	median3	REF-HS1	D3-HIFI1X	paper	0	116.14	19765756	241991	227521	/usr/bin/time -v -o /tmp/baseline/raw/B03_cpp-shmap_Containment_t1_r0.time /home/mpiuser/Pesho/shmap/release/shmap -s /home/mpiuser/_paper_work/hs1.fa -p /home/mpiuser/hifi_real/hifi_1x.fa -k 25 -r 0.01 -t 0.4 -d 0.075 -o 0.3 -m Containment
B03	shmap-rs	Containment	1	0	REF-HS1	D3-HIFI1X	paper	0	53.59	2133716	241991	227521	/usr/bin/time -v -o /tmp/baseline/raw/B03_shmap-rs_Containment_t1_r0.time /home/mpiuser/bench-work/93ced641d8b9/target/release/shmap -s /home/mpiuser/_paper_work/hs1.fa -p /home/mpiuser/hifi_real/hifi_1x.fa -k 25 -r 0.01 -t 0.4 -d 0.075 -o 0.3 -m Containment -@ 1 -x --profile-log /tmp/baseline/raw/B03_shmap-rs_Containment_t1_r0.json
B03	shmap-rs	Containment	2	0	REF-HS1	D3-HIFI1X	paper	0	32.93	1954764	241991	227521	/usr/bin/time -v -o /tmp/baseline/raw/B03_shmap-rs_Containment_t2_r0.time /home/mpiuser/bench-work/93ced641d8b9/target/release/shmap -s /home/mpiuser/_paper_work/hs1.fa -p /home/mpiuser/hifi_real/hifi_1x.fa -k 25 -r 0.01 -t 0.4 -d 0.075 -o 0.3 -m Containment -@ 2 -x --profile-log /tmp/baseline/raw/B03_shmap-rs_Containment_t2_r0.json
B03	shmap-rs	Containment	4	0	REF-HS1	D3-HIFI1X	paper	0	20.95	2045824	241991	227521	/usr/bin/time -v -o /tmp/baseline/raw/B03_shmap-rs_Containment_t4_r0.time /home/mpiuser/bench-work/93ced641d8b9/target/release/shmap -s /home/mpiuser/_paper_work/hs1.fa -p /home/mpiuser/hifi_real/hifi_1x.fa -k 25 -r 0.01 -t 0.4 -d 0.075 -o 0.3 -m Containment -@ 4 -x --profile-log /tmp/baseline/raw/B03_shmap-rs_Containment_t4_r0.json
B03	shmap-rs	Containment	8	0	REF-HS1	D3-HIFI1X	paper	0	12.25	2331152	241991	227521	/usr/bin/time -v -o /tmp/baseline/raw/B03_shmap-rs_Containment_t8_r0.time /home/mpiuser/bench-work/93ced641d8b9/target/release/shmap -s /home/mpiuser/_paper_work/hs1.fa -p /home/mpiuser/hifi_real/hifi_1x.fa -k 25 -r 0.01 -t 0.4 -d 0.075 -o 0.3 -m Containment -@ 8 -x --profile-log /tmp/baseline/raw/B03_shmap-rs_Containment_t8_r0.json
B03	shmap-rs	Containment	16	0	REF-HS1	D3-HIFI1X	paper	0	8.58	2951916	241991	227521	/usr/bin/time -v -o /tmp/baseline/raw/B03_shmap-rs_Containment_t16_r0.time /home/mpiuser/bench-work/93ced641d8b9/target/release/shmap -s /home/mpiuser/_paper_work/hs1.fa -p /home/mpiuser/hifi_real/hifi_1x.fa -k 25 -r 0.01 -t 0.4 -d 0.075 -o 0.3 -m Containment -@ 16 -x --profile-log /tmp/baseline/raw/B03_shmap-rs_Containment_t16_r0.json
B03	shmap-rs	Containment	32	0	REF-HS1	D3-HIFI1X	paper	0	9.75	3798208	241991	227521	/usr/bin/time -v -o /tmp/baseline/raw/B03_shmap-rs_Containment_t32_r0.time /home/mpiuser/bench-work/93ced641d8b9/target/release/shmap -s /home/mpiuser/_paper_work/hs1.fa -p /home/mpiuser/hifi_real/hifi_1x.fa -k 25 -r 0.01 -t 0.4 -d 0.075 -o 0.3 -m Containment -@ 32 -x --profile-log /tmp/baseline/raw/B03_shmap-rs_Containment_t32_r0.json
B03	shmap-rs	Containment	64	0	REF-HS1	D3-HIFI1X	paper	0	10.24	4517140	241991	227521	/usr/bin/time -v -o /tmp/baseline/raw/B03_shmap-rs_Containment_t64_r0.time /home/mpiuser/bench-work/93ced641d8b9/target/release/shmap -s /home/mpiuser/_paper_work/hs1.fa -p /home/mpiuser/hifi_real/hifi_1x.fa -k 25 -r 0.01 -t 0.4 -d 0.075 -o 0.3 -m Containment -@ 64 -x --profile-log /tmp/baseline/raw/B03_shmap-rs_Containment_t64_r0.json
B03	cpp-shmap	Jaccard	1	median3	REF-HS1	D3-HIFI1X	paper	0	144.26	19765752	241265	228886	/usr/bin/time -v -o /tmp/baseline/raw/B03_cpp-shmap_Jaccard_t1_r0.time /home/mpiuser/Pesho/shmap/release/shmap -s /home/mpiuser/_paper_work/hs1.fa -p /home/mpiuser/hifi_real/hifi_1x.fa -k 25 -r 0.01 -t 0.4 -d 0.075 -o 0.3 -m Jaccard
B03	shmap-rs	Jaccard	1	0	REF-HS1	D3-HIFI1X	paper	0	66.61	2190656	241265	228887	/usr/bin/time -v -o /tmp/baseline/raw/B03_shmap-rs_Jaccard_t1_r0.time /home/mpiuser/bench-work/93ced641d8b9/target/release/shmap -s /home/mpiuser/_paper_work/hs1.fa -p /home/mpiuser/hifi_real/hifi_1x.fa -k 25 -r 0.01 -t 0.4 -d 0.075 -o 0.3 -m Jaccard -@ 1 -x --profile-log /tmp/baseline/raw/B03_shmap-rs_Jaccard_t1_r0.json
B03	shmap-rs	Jaccard	2	0	REF-HS1	D3-HIFI1X	paper	0	39.43	1966468	241265	228887	/usr/bin/time -v -o /tmp/baseline/raw/B03_shmap-rs_Jaccard_t2_r0.time /home/mpiuser/bench-work/93ced641d8b9/target/release/shmap -s /home/mpiuser/_paper_work/hs1.fa -p /home/mpiuser/hifi_real/hifi_1x.fa -k 25 -r 0.01 -t 0.4 -d 0.075 -o 0.3 -m Jaccard -@ 2 -x --profile-log /tmp/baseline/raw/B03_shmap-rs_Jaccard_t2_r0.json
B03	shmap-rs	Jaccard	4	0	REF-HS1	D3-HIFI1X	paper	0	23.75	2075588	241265	228887	/usr/bin/time -v -o /tmp/baseline/raw/B03_shmap-rs_Jaccard_t4_r0.time /home/mpiuser/bench-work/93ced641d8b9/target/release/shmap -s /home/mpiuser/_paper_work/hs1.fa -p /home/mpiuser/hifi_real/hifi_1x.fa -k 25 -r 0.01 -t 0.4 -d 0.075 -o 0.3 -m Jaccard -@ 4 -x --profile-log /tmp/baseline/raw/B03_shmap-rs_Jaccard_t4_r0.json
B03	shmap-rs	Jaccard	8	0	REF-HS1	D3-HIFI1X	paper	0	13.77	2339624	241265	228887	/usr/bin/time -v -o /tmp/baseline/raw/B03_shmap-rs_Jaccard_t8_r0.time /home/mpiuser/bench-work/93ced641d8b9/target/release/shmap -s /home/mpiuser/_paper_work/hs1.fa -p /home/mpiuser/hifi_real/hifi_1x.fa -k 25 -r 0.01 -t 0.4 -d 0.075 -o 0.3 -m Jaccard -@ 8 -x --profile-log /tmp/baseline/raw/B03_shmap-rs_Jaccard_t8_r0.json
B03	shmap-rs	Jaccard	16	0	REF-HS1	D3-HIFI1X	paper	0	10.13	2895944	241265	228887	/usr/bin/time -v -o /tmp/baseline/raw/B03_shmap-rs_Jaccard_t16_r0.time /home/mpiuser/bench-work/93ced641d8b9/target/release/shmap -s /home/mpiuser/_paper_work/hs1.fa -p /home/mpiuser/hifi_real/hifi_1x.fa -k 25 -r 0.01 -t 0.4 -d 0.075 -o 0.3 -m Jaccard -@ 16 -x --profile-log /tmp/baseline/raw/B03_shmap-rs_Jaccard_t16_r0.json
B03	shmap-rs	Jaccard	32	0	REF-HS1	D3-HIFI1X	paper	0	9.2	3611148	241265	228887	/usr/bin/time -v -o /tmp/baseline/raw/B03_shmap-rs_Jaccard_t32_r0.time /home/mpiuser/bench-work/93ced641d8b9/target/release/shmap -s /home/mpiuser/_paper_work/hs1.fa -p /home/mpiuser/hifi_real/hifi_1x.fa -k 25 -r 0.01 -t 0.4 -d 0.075 -o 0.3 -m Jaccard -@ 32 -x --profile-log /tmp/baseline/raw/B03_shmap-rs_Jaccard_t32_r0.json
B03	shmap-rs	Jaccard	64	0	REF-HS1	D3-HIFI1X	paper	0	9.91	4482892	241265	228887	/usr/bin/time -v -o /tmp/baseline/raw/B03_shmap-rs_Jaccard_t64_r0.time /home/mpiuser/bench-work/93ced641d8b9/target/release/shmap -s /home/mpiuser/_paper_work/hs1.fa -p /home/mpiuser/hifi_real/hifi_1x.fa -k 25 -r 0.01 -t 0.4 -d 0.075 -o 0.3 -m Jaccard -@ 64 -x --profile-log /tmp/baseline/raw/B03_shmap-rs_Jaccard_t64_r0.json
B03	cpp-shmap	bucket_SH	1	median3	REF-HS1	D3-HIFI1X	paper	0	99.00999999999999	19765752	242050	226934	/usr/bin/time -v -o /tmp/baseline/raw/B03_cpp-shmap_bucket_SH_t1_r0.time /home/mpiuser/Pesho/shmap/release/shmap -s /home/mpiuser/_paper_work/hs1.fa -p /home/mpiuser/hifi_real/hifi_1x.fa -k 25 -r 0.01 -t 0.4 -d 0.075 -o 0.3 -m bucket_SH
B03	shmap-rs	bucket_SH	1	0	REF-HS1	D3-HIFI1X	paper	0	46.62	2036156	242050	226931	/usr/bin/time -v -o /tmp/baseline/raw/B03_shmap-rs_bucket_SH_t1_r0.time /home/mpiuser/bench-work/93ced641d8b9/target/release/shmap -s /home/mpiuser/_paper_work/hs1.fa -p /home/mpiuser/hifi_real/hifi_1x.fa -k 25 -r 0.01 -t 0.4 -d 0.075 -o 0.3 -m bucket_SH -@ 1 -x --profile-log /tmp/baseline/raw/B03_shmap-rs_bucket_SH_t1_r0.json
B03	shmap-rs	bucket_SH	2	0	REF-HS1	D3-HIFI1X	paper	0	28.64	1943852	242050	226931	/usr/bin/time -v -o /tmp/baseline/raw/B03_shmap-rs_bucket_SH_t2_r0.time /home/mpiuser/bench-work/93ced641d8b9/target/release/shmap -s /home/mpiuser/_paper_work/hs1.fa -p /home/mpiuser/hifi_real/hifi_1x.fa -k 25 -r 0.01 -t 0.4 -d 0.075 -o 0.3 -m bucket_SH -@ 2 -x --profile-log /tmp/baseline/raw/B03_shmap-rs_bucket_SH_t2_r0.json
B03	shmap-rs	bucket_SH	4	0	REF-HS1	D3-HIFI1X	paper	0	18.95	2045160	242050	226931	/usr/bin/time -v -o /tmp/baseline/raw/B03_shmap-rs_bucket_SH_t4_r0.time /home/mpiuser/bench-work/93ced641d8b9/target/release/shmap -s /home/mpiuser/_paper_work/hs1.fa -p /home/mpiuser/hifi_real/hifi_1x.fa -k 25 -r 0.01 -t 0.4 -d 0.075 -o 0.3 -m bucket_SH -@ 4 -x --profile-log /tmp/baseline/raw/B03_shmap-rs_bucket_SH_t4_r0.json
B03	shmap-rs	bucket_SH	8	0	REF-HS1	D3-HIFI1X	paper	0	11.01	2382252	242050	226931	/usr/bin/time -v -o /tmp/baseline/raw/B03_shmap-rs_bucket_SH_t8_r0.time /home/mpiuser/bench-work/93ced641d8b9/target/release/shmap -s /home/mpiuser/_paper_work/hs1.fa -p /home/mpiuser/hifi_real/hifi_1x.fa -k 25 -r 0.01 -t 0.4 -d 0.075 -o 0.3 -m bucket_SH -@ 8 -x --profile-log /tmp/baseline/raw/B03_shmap-rs_bucket_SH_t8_r0.json
B03	shmap-rs	bucket_SH	16	0	REF-HS1	D3-HIFI1X	paper	0	9.42	3040324	242050	226931	/usr/bin/time -v -o /tmp/baseline/raw/B03_shmap-rs_bucket_SH_t16_r0.time /home/mpiuser/bench-work/93ced641d8b9/target/release/shmap -s /home/mpiuser/_paper_work/hs1.fa -p /home/mpiuser/hifi_real/hifi_1x.fa -k 25 -r 0.01 -t 0.4 -d 0.075 -o 0.3 -m bucket_SH -@ 16 -x --profile-log /tmp/baseline/raw/B03_shmap-rs_bucket_SH_t16_r0.json
B03	shmap-rs	bucket_SH	32	0	REF-HS1	D3-HIFI1X	paper	0	9.41	3804172	242050	226931	/usr/bin/time -v -o /tmp/baseline/raw/B03_shmap-rs_bucket_SH_t32_r0.time /home/mpiuser/bench-work/93ced641d8b9/target/release/shmap -s /home/mpiuser/_paper_work/hs1.fa -p /home/mpiuser/hifi_real/hifi_1x.fa -k 25 -r 0.01 -t 0.4 -d 0.075 -o 0.3 -m bucket_SH -@ 32 -x --profile-log /tmp/baseline/raw/B03_shmap-rs_bucket_SH_t32_r0.json
B03	shmap-rs	bucket_SH	64	0	REF-HS1	D3-HIFI1X	paper	0	11.18	4698144	242050	226931	/usr/bin/time -v -o /tmp/baseline/raw/B03_shmap-rs_bucket_SH_t64_r0.time /home/mpiuser/bench-work/93ced641d8b9/target/release/shmap -s /home/mpiuser/_paper_work/hs1.fa -p /home/mpiuser/hifi_real/hifi_1x.fa -k 25 -r 0.01 -t 0.4 -d 0.075 -o 0.3 -m bucket_SH -@ 64 -x --profile-log /tmp/baseline/raw/B03_shmap-rs_bucket_SH_t64_r0.json
B04	cpp-shmap	Containment	1	median3	REF-HS1	D4-HIFI10X	paper	0	841.24	19769848	2419796	2273121	/usr/bin/time -v -o /tmp/baseline/raw/B04_cpp-shmap_Containment_t1_r0.time /home/mpiuser/Pesho/shmap/release/shmap -s /home/mpiuser/_paper_work/hs1.fa -p /home/mpiuser/hifi_real/hifi_10x.fa -k 25 -r 0.01 -t 0.4 -d 0.075 -o 0.3 -m Containment
B04	shmap-rs	Containment	1	0	REF-HS1	D4-HIFI10X	paper	0	438.25	1964928	2419796	2273122	/usr/bin/time -v -o /tmp/baseline/raw/B04_shmap-rs_Containment_t1_r0.time /home/mpiuser/bench-work/93ced641d8b9/target/release/shmap -s /home/mpiuser/_paper_work/hs1.fa -p /home/mpiuser/hifi_real/hifi_10x.fa -k 25 -r 0.01 -t 0.4 -d 0.075 -o 0.3 -m Containment -@ 1 -x --profile-log /tmp/baseline/raw/B04_shmap-rs_Containment_t1_r0.json
B04	shmap-rs	Containment	2	0	REF-HS1	D4-HIFI10X	paper	0	255.41	1997948	2419796	2273122	/usr/bin/time -v -o /tmp/baseline/raw/B04_shmap-rs_Containment_t2_r0.time /home/mpiuser/bench-work/93ced641d8b9/target/release/shmap -s /home/mpiuser/_paper_work/hs1.fa -p /home/mpiuser/hifi_real/hifi_10x.fa -k 25 -r 0.01 -t 0.4 -d 0.075 -o 0.3 -m Containment -@ 2 -x --profile-log /tmp/baseline/raw/B04_shmap-rs_Containment_t2_r0.json
B04	shmap-rs	Containment	4	0	REF-HS1	D4-HIFI10X	paper	0	142.61	2114660	2419796	2273122	/usr/bin/time -v -o /tmp/baseline/raw/B04_shmap-rs_Containment_t4_r0.time /home/mpiuser/bench-work/93ced641d8b9/target/release/shmap -s /home/mpiuser/_paper_work/hs1.fa -p /home/mpiuser/hifi_real/hifi_10x.fa -k 25 -r 0.01 -t 0.4 -d 0.075 -o 0.3 -m Containment -@ 4 -x --profile-log /tmp/baseline/raw/B04_shmap-rs_Containment_t4_r0.json
B04	shmap-rs	Containment	8	0	REF-HS1	D4-HIFI10X	paper	0	73.28	2413556	2419796	2273122	/usr/bin/time -v -o /tmp/baseline/raw/B04_shmap-rs_Containment_t8_r0.time /home/mpiuser/bench-work/93ced641d8b9/target/release/shmap -s /home/mpiuser/_paper_work/hs1.fa -p /home/mpiuser/hifi_real/hifi_10x.fa -k 25 -r 0.01 -t 0.4 -d 0.075 -o 0.3 -m Containment -@ 8 -x --profile-log /tmp/baseline/raw/B04_shmap-rs_Containment_t8_r0.json
B04	shmap-rs	Containment	16	0	REF-HS1	D4-HIFI10X	paper	0	43.88	5029144	2419796	2273122	/usr/bin/time -v -o /tmp/baseline/raw/B04_shmap-rs_Containment_t16_r0.time /home/mpiuser/bench-work/93ced641d8b9/target/release/shmap -s /home/mpiuser/_paper_work/hs1.fa -p /home/mpiuser/hifi_real/hifi_10x.fa -k 25 -r 0.01 -t 0.4 -d 0.075 -o 0.3 -m Containment -@ 16 -x --profile-log /tmp/baseline/raw/B04_shmap-rs_Containment_t16_r0.json
B04	shmap-rs	Containment	32	0	REF-HS1	D4-HIFI10X	paper	0	40.14	8462608	2419796	2273122	/usr/bin/time -v -o /tmp/baseline/raw/B04_shmap-rs_Containment_t32_r0.time /home/mpiuser/bench-work/93ced641d8b9/target/release/shmap -s /home/mpiuser/_paper_work/hs1.fa -p /home/mpiuser/hifi_real/hifi_10x.fa -k 25 -r 0.01 -t 0.4 -d 0.075 -o 0.3 -m Containment -@ 32 -x --profile-log /tmp/baseline/raw/B04_shmap-rs_Containment_t32_r0.json
B04	shmap-rs	Containment	64	0	REF-HS1	D4-HIFI10X	paper	0	44.46	9775056	2419796	2273122	/usr/bin/time -v -o /tmp/baseline/raw/B04_shmap-rs_Containment_t64_r0.time /home/mpiuser/bench-work/93ced641d8b9/target/release/shmap -s /home/mpiuser/_paper_work/hs1.fa -p /home/mpiuser/hifi_real/hifi_10x.fa -k 25 -r 0.01 -t 0.4 -d 0.075 -o 0.3 -m Containment -@ 64 -x --profile-log /tmp/baseline/raw/B04_shmap-rs_Containment_t64_r0.json
B04	cpp-shmap	Jaccard	1	median3	REF-HS1	D4-HIFI10X	paper	0	1138.87	19769848	2411461	2286083	/usr/bin/time -v -o /tmp/baseline/raw/B04_cpp-shmap_Jaccard_t1_r0.time /home/mpiuser/Pesho/shmap/release/shmap -s /home/mpiuser/_paper_work/hs1.fa -p /home/mpiuser/hifi_real/hifi_10x.fa -k 25 -r 0.01 -t 0.4 -d 0.075 -o 0.3 -m Jaccard
B04	shmap-rs	Jaccard	1	0	REF-HS1	D4-HIFI10X	paper	0	569.07	2102632	2411461	2286085	/usr/bin/time -v -o /tmp/baseline/raw/B04_shmap-rs_Jaccard_t1_r0.time /home/mpiuser/bench-work/93ced641d8b9/target/release/shmap -s /home/mpiuser/_paper_work/hs1.fa -p /home/mpiuser/hifi_real/hifi_10x.fa -k 25 -r 0.01 -t 0.4 -d 0.075 -o 0.3 -m Jaccard -@ 1 -x --profile-log /tmp/baseline/raw/B04_shmap-rs_Jaccard_t1_r0.json
B04	shmap-rs	Jaccard	2	0	REF-HS1	D4-HIFI10X	paper	0	297.15999999999997	1966736	2411461	2286085	/usr/bin/time -v -o /tmp/baseline/raw/B04_shmap-rs_Jaccard_t2_r0.time /home/mpiuser/bench-work/93ced641d8b9/target/release/shmap -s /home/mpiuser/_paper_work/hs1.fa -p /home/mpiuser/hifi_real/hifi_10x.fa -k 25 -r 0.01 -t 0.4 -d 0.075 -o 0.3 -m Jaccard -@ 2 -x --profile-log /tmp/baseline/raw/B04_shmap-rs_Jaccard_t2_r0.json
B04	shmap-rs	Jaccard	4	0	REF-HS1	D4-HIFI10X	paper	0	172.04	2080412	2411461	2286085	/usr/bin/time -v -o /tmp/baseline/raw/B04_shmap-rs_Jaccard_t4_r0.time /home/mpiuser/bench-work/93ced641d8b9/target/release/shmap -s /home/mpiuser/_paper_work/hs1.fa -p /home/mpiuser/hifi_real/hifi_10x.fa -k 25 -r 0.01 -t 0.4 -d 0.075 -o 0.3 -m Jaccard -@ 4 -x --profile-log /tmp/baseline/raw/B04_shmap-rs_Jaccard_t4_r0.json
B04	shmap-rs	Jaccard	8	0	REF-HS1	D4-HIFI10X	paper	0	91.52	2443204	2411461	2286085	/usr/bin/time -v -o /tmp/baseline/raw/B04_shmap-rs_Jaccard_t8_r0.time /home/mpiuser/bench-work/93ced641d8b9/target/release/shmap -s /home/mpiuser/_paper_work/hs1.fa -p /home/mpiuser/hifi_real/hifi_10x.fa -k 25 -r 0.01 -t 0.4 -d 0.075 -o 0.3 -m Jaccard -@ 8 -x --profile-log /tmp/baseline/raw/B04_shmap-rs_Jaccard_t8_r0.json
B04	shmap-rs	Jaccard	16	0	REF-HS1	D4-HIFI10X	paper	0	50.03	3287276	2411461	2286085	/usr/bin/time -v -o /tmp/baseline/raw/B04_shmap-rs_Jaccard_t16_r0.time /home/mpiuser/bench-work/93ced641d8b9/target/release/shmap -s /home/mpiuser/_paper_work/hs1.fa -p /home/mpiuser/hifi_real/hifi_10x.fa -k 25 -r 0.01 -t 0.4 -d 0.075 -o 0.3 -m Jaccard -@ 16 -x --profile-log /tmp/baseline/raw/B04_shmap-rs_Jaccard_t16_r0.json
B04	shmap-rs	Jaccard	32	0	REF-HS1	D4-HIFI10X	paper	0	42.13	8822520	2411461	2286085	/usr/bin/time -v -o /tmp/baseline/raw/B04_shmap-rs_Jaccard_t32_r0.time /home/mpiuser/bench-work/93ced641d8b9/target/release/shmap -s /home/mpiuser/_paper_work/hs1.fa -p /home/mpiuser/hifi_real/hifi_10x.fa -k 25 -r 0.01 -t 0.4 -d 0.075 -o 0.3 -m Jaccard -@ 32 -x --profile-log /tmp/baseline/raw/B04_shmap-rs_Jaccard_t32_r0.json
B04	shmap-rs	Jaccard	64	0	REF-HS1	D4-HIFI10X	paper	0	42.25	10076820	2411461	2286085	/usr/bin/time -v -o /tmp/baseline/raw/B04_shmap-rs_Jaccard_t64_r0.time /home/mpiuser/bench-work/93ced641d8b9/target/release/shmap -s /home/mpiuser/_paper_work/hs1.fa -p /home/mpiuser/hifi_real/hifi_10x.fa -k 25 -r 0.01 -t 0.4 -d 0.075 -o 0.3 -m Jaccard -@ 64 -x --profile-log /tmp/baseline/raw/B04_shmap-rs_Jaccard_t64_r0.json
B04	cpp-shmap	bucket_SH	1	median3	REF-HS1	D4-HIFI10X	paper	0	664.37	19769848	2420331	2267238	/usr/bin/time -v -o /tmp/baseline/raw/B04_cpp-shmap_bucket_SH_t1_r0.time /home/mpiuser/Pesho/shmap/release/shmap -s /home/mpiuser/_paper_work/hs1.fa -p /home/mpiuser/hifi_real/hifi_10x.fa -k 25 -r 0.01 -t 0.4 -d 0.075 -o 0.3 -m bucket_SH
B04	shmap-rs	bucket_SH	1	0	REF-HS1	D4-HIFI10X	paper	0	362.19	2070196	2420331	2267229	/usr/bin/time -v -o /tmp/baseline/raw/B04_shmap-rs_bucket_SH_t1_r0.time /home/mpiuser/bench-work/93ced641d8b9/target/release/shmap -s /home/mpiuser/_paper_work/hs1.fa -p /home/mpiuser/hifi_real/hifi_10x.fa -k 25 -r 0.01 -t 0.4 -d 0.075 -o 0.3 -m bucket_SH -@ 1 -x --profile-log /tmp/baseline/raw/B04_shmap-rs_bucket_SH_t1_r0.json
B04	shmap-rs	bucket_SH	2	0	REF-HS1	D4-HIFI10X	paper	0	213.12	1992788	2420331	2267229	/usr/bin/time -v -o /tmp/baseline/raw/B04_shmap-rs_bucket_SH_t2_r0.time /home/mpiuser/bench-work/93ced641d8b9/target/release/shmap -s /home/mpiuser/_paper_work/hs1.fa -p /home/mpiuser/hifi_real/hifi_10x.fa -k 25 -r 0.01 -t 0.4 -d 0.075 -o 0.3 -m bucket_SH -@ 2 -x --profile-log /tmp/baseline/raw/B04_shmap-rs_bucket_SH_t2_r0.json
B04	shmap-rs	bucket_SH	4	0	REF-HS1	D4-HIFI10X	paper	0	120.66	2135204	2420331	2267229	/usr/bin/time -v -o /tmp/baseline/raw/B04_shmap-rs_bucket_SH_t4_r0.time /home/mpiuser/bench-work/93ced641d8b9/target/release/shmap -s /home/mpiuser/_paper_work/hs1.fa -p /home/mpiuser/hifi_real/hifi_10x.fa -k 25 -r 0.01 -t 0.4 -d 0.075 -o 0.3 -m bucket_SH -@ 4 -x --profile-log /tmp/baseline/raw/B04_shmap-rs_bucket_SH_t4_r0.json
B04	shmap-rs	bucket_SH	8	0	REF-HS1	D4-HIFI10X	paper	0	62.46	2410048	2420331	2267229	/usr/bin/time -v -o /tmp/baseline/raw/B04_shmap-rs_bucket_SH_t8_r0.time /home/mpiuser/bench-work/93ced641d8b9/target/release/shmap -s /home/mpiuser/_paper_work/hs1.fa -p /home/mpiuser/hifi_real/hifi_10x.fa -k 25 -r 0.01 -t 0.4 -d 0.075 -o 0.3 -m bucket_SH -@ 8 -x --profile-log /tmp/baseline/raw/B04_shmap-rs_bucket_SH_t8_r0.json
B04	shmap-rs	bucket_SH	16	0	REF-HS1	D4-HIFI10X	paper	0	38.65	6286916	2420331	2267229	/usr/bin/time -v -o /tmp/baseline/raw/B04_shmap-rs_bucket_SH_t16_r0.time /home/mpiuser/bench-work/93ced641d8b9/target/release/shmap -s /home/mpiuser/_paper_work/hs1.fa -p /home/mpiuser/hifi_real/hifi_10x.fa -k 25 -r 0.01 -t 0.4 -d 0.075 -o 0.3 -m bucket_SH -@ 16 -x --profile-log /tmp/baseline/raw/B04_shmap-rs_bucket_SH_t16_r0.json
B04	shmap-rs	bucket_SH	32	0	REF-HS1	D4-HIFI10X	paper	0	41.76	7669292	2420331	2267229	/usr/bin/time -v -o /tmp/baseline/raw/B04_shmap-rs_bucket_SH_t32_r0.time /home/mpiuser/bench-work/93ced641d8b9/target/release/shmap -s /home/mpiuser/_paper_work/hs1.fa -p /home/mpiuser/hifi_real/hifi_10x.fa -k 25 -r 0.01 -t 0.4 -d 0.075 -o 0.3 -m bucket_SH -@ 32 -x --profile-log /tmp/baseline/raw/B04_shmap-rs_bucket_SH_t32_r0.json
B04	shmap-rs	bucket_SH	64	0	REF-HS1	D4-HIFI10X	paper	0	41.25	9303924	2420331	2267229	/usr/bin/time -v -o /tmp/baseline/raw/B04_shmap-rs_bucket_SH_t64_r0.time /home/mpiuser/bench-work/93ced641d8b9/target/release/shmap -s /home/mpiuser/_paper_work/hs1.fa -p /home/mpiuser/hifi_real/hifi_10x.fa -k 25 -r 0.01 -t 0.4 -d 0.075 -o 0.3 -m bucket_SH -@ 64 -x --profile-log /tmp/baseline/raw/B04_shmap-rs_bucket_SH_t64_r0.json
B05	cpp-shmap	Containment	1	median3	REF-HS1	D6-ONT24K	paper	0	54.81	19763196	39608	37839	/usr/bin/time -v -o /tmp/baseline/raw/B05_cpp-shmap_Containment_t1_r0.time /home/mpiuser/Pesho/shmap/release/shmap -s /home/mpiuser/_paper_work/hs1.fa -p /home/mpiuser/ont24k/reads_ont24k.fa -k 25 -r 0.01 -t 0.4 -d 0.075 -o 0.3 -m Containment
B05	shmap-rs	Containment	1	0	REF-HS1	D6-ONT24K	paper	0	24.36	2218316	39608	37839	/usr/bin/time -v -o /tmp/baseline/raw/B05_shmap-rs_Containment_t1_r0.time /home/mpiuser/bench-work/93ced641d8b9/target/release/shmap -s /home/mpiuser/_paper_work/hs1.fa -p /home/mpiuser/ont24k/reads_ont24k.fa -k 25 -r 0.01 -t 0.4 -d 0.075 -o 0.3 -m Containment -@ 1 -x --profile-log /tmp/baseline/raw/B05_shmap-rs_Containment_t1_r0.json
B05	shmap-rs	Containment	2	0	REF-HS1	D6-ONT24K	paper	0	17.17	1863060	39608	37839	/usr/bin/time -v -o /tmp/baseline/raw/B05_shmap-rs_Containment_t2_r0.time /home/mpiuser/bench-work/93ced641d8b9/target/release/shmap -s /home/mpiuser/_paper_work/hs1.fa -p /home/mpiuser/ont24k/reads_ont24k.fa -k 25 -r 0.01 -t 0.4 -d 0.075 -o 0.3 -m Containment -@ 2 -x --profile-log /tmp/baseline/raw/B05_shmap-rs_Containment_t2_r0.json
B05	shmap-rs	Containment	4	0	REF-HS1	D6-ONT24K	paper	0	10.84	1942636	39608	37839	/usr/bin/time -v -o /tmp/baseline/raw/B05_shmap-rs_Containment_t4_r0.time /home/mpiuser/bench-work/93ced641d8b9/target/release/shmap -s /home/mpiuser/_paper_work/hs1.fa -p /home/mpiuser/ont24k/reads_ont24k.fa -k 25 -r 0.01 -t 0.4 -d 0.075 -o 0.3 -m Containment -@ 4 -x --profile-log /tmp/baseline/raw/B05_shmap-rs_Containment_t4_r0.json
B05	shmap-rs	Containment	8	0	REF-HS1	D6-ONT24K	paper	0	7.01	2109800	39608	37839	/usr/bin/time -v -o /tmp/baseline/raw/B05_shmap-rs_Containment_t8_r0.time /home/mpiuser/bench-work/93ced641d8b9/target/release/shmap -s /home/mpiuser/_paper_work/hs1.fa -p /home/mpiuser/ont24k/reads_ont24k.fa -k 25 -r 0.01 -t 0.4 -d 0.075 -o 0.3 -m Containment -@ 8 -x --profile-log /tmp/baseline/raw/B05_shmap-rs_Containment_t8_r0.json
B05	shmap-rs	Containment	16	0	REF-HS1	D6-ONT24K	paper	0	6.87	2165380	39608	37839	/usr/bin/time -v -o /tmp/baseline/raw/B05_shmap-rs_Containment_t16_r0.time /home/mpiuser/bench-work/93ced641d8b9/target/release/shmap -s /home/mpiuser/_paper_work/hs1.fa -p /home/mpiuser/ont24k/reads_ont24k.fa -k 25 -r 0.01 -t 0.4 -d 0.075 -o 0.3 -m Containment -@ 16 -x --profile-log /tmp/baseline/raw/B05_shmap-rs_Containment_t16_r0.json
B05	shmap-rs	Containment	32	0	REF-HS1	D6-ONT24K	paper	0	6.61	2277492	39608	37839	/usr/bin/time -v -o /tmp/baseline/raw/B05_shmap-rs_Containment_t32_r0.time /home/mpiuser/bench-work/93ced641d8b9/target/release/shmap -s /home/mpiuser/_paper_work/hs1.fa -p /home/mpiuser/ont24k/reads_ont24k.fa -k 25 -r 0.01 -t 0.4 -d 0.075 -o 0.3 -m Containment -@ 32 -x --profile-log /tmp/baseline/raw/B05_shmap-rs_Containment_t32_r0.json
B05	shmap-rs	Containment	64	0	REF-HS1	D6-ONT24K	paper	0	6.84	2437496	39608	37839	/usr/bin/time -v -o /tmp/baseline/raw/B05_shmap-rs_Containment_t64_r0.time /home/mpiuser/bench-work/93ced641d8b9/target/release/shmap -s /home/mpiuser/_paper_work/hs1.fa -p /home/mpiuser/ont24k/reads_ont24k.fa -k 25 -r 0.01 -t 0.4 -d 0.075 -o 0.3 -m Containment -@ 64 -x --profile-log /tmp/baseline/raw/B05_shmap-rs_Containment_t64_r0.json
B05	cpp-shmap	Jaccard	1	median3	REF-HS1	D6-ONT24K	paper	0	60.36	19763188	5956	5409	/usr/bin/time -v -o /tmp/baseline/raw/B05_cpp-shmap_Jaccard_t1_r0.time /home/mpiuser/Pesho/shmap/release/shmap -s /home/mpiuser/_paper_work/hs1.fa -p /home/mpiuser/ont24k/reads_ont24k.fa -k 25 -r 0.01 -t 0.4 -d 0.075 -o 0.3 -m Jaccard
B05	shmap-rs	Jaccard	1	0	REF-HS1	D6-ONT24K	paper	0	27.34	1947492	5956	5409	/usr/bin/time -v -o /tmp/baseline/raw/B05_shmap-rs_Jaccard_t1_r0.time /home/mpiuser/bench-work/93ced641d8b9/target/release/shmap -s /home/mpiuser/_paper_work/hs1.fa -p /home/mpiuser/ont24k/reads_ont24k.fa -k 25 -r 0.01 -t 0.4 -d 0.075 -o 0.3 -m Jaccard -@ 1 -x --profile-log /tmp/baseline/raw/B05_shmap-rs_Jaccard_t1_r0.json
B05	shmap-rs	Jaccard	2	0	REF-HS1	D6-ONT24K	paper	0	18.56	1862648	5956	5409	/usr/bin/time -v -o /tmp/baseline/raw/B05_shmap-rs_Jaccard_t2_r0.time /home/mpiuser/bench-work/93ced641d8b9/target/release/shmap -s /home/mpiuser/_paper_work/hs1.fa -p /home/mpiuser/ont24k/reads_ont24k.fa -k 25 -r 0.01 -t 0.4 -d 0.075 -o 0.3 -m Jaccard -@ 2 -x --profile-log /tmp/baseline/raw/B05_shmap-rs_Jaccard_t2_r0.json
B05	shmap-rs	Jaccard	4	0	REF-HS1	D6-ONT24K	paper	0	11.6	1928688	5956	5409	/usr/bin/time -v -o /tmp/baseline/raw/B05_shmap-rs_Jaccard_t4_r0.time /home/mpiuser/bench-work/93ced641d8b9/target/release/shmap -s /home/mpiuser/_paper_work/hs1.fa -p /home/mpiuser/ont24k/reads_ont24k.fa -k 25 -r 0.01 -t 0.4 -d 0.075 -o 0.3 -m Jaccard -@ 4 -x --profile-log /tmp/baseline/raw/B05_shmap-rs_Jaccard_t4_r0.json
B05	shmap-rs	Jaccard	8	0	REF-HS1	D6-ONT24K	paper	0	7.81	2109444	5956	5409	/usr/bin/time -v -o /tmp/baseline/raw/B05_shmap-rs_Jaccard_t8_r0.time /home/mpiuser/bench-work/93ced641d8b9/target/release/shmap -s /home/mpiuser/_paper_work/hs1.fa -p /home/mpiuser/ont24k/reads_ont24k.fa -k 25 -r 0.01 -t 0.4 -d 0.075 -o 0.3 -m Jaccard -@ 8 -x --profile-log /tmp/baseline/raw/B05_shmap-rs_Jaccard_t8_r0.json
B05	shmap-rs	Jaccard	16	0	REF-HS1	D6-ONT24K	paper	0	6.36	2214456	5956	5409	/usr/bin/time -v -o /tmp/baseline/raw/B05_shmap-rs_Jaccard_t16_r0.time /home/mpiuser/bench-work/93ced641d8b9/target/release/shmap -s /home/mpiuser/_paper_work/hs1.fa -p /home/mpiuser/ont24k/reads_ont24k.fa -k 25 -r 0.01 -t 0.4 -d 0.075 -o 0.3 -m Jaccard -@ 16 -x --profile-log /tmp/baseline/raw/B05_shmap-rs_Jaccard_t16_r0.json
B05	shmap-rs	Jaccard	32	0	REF-HS1	D6-ONT24K	paper	0	7.03	2283692	5956	5409	/usr/bin/time -v -o /tmp/baseline/raw/B05_shmap-rs_Jaccard_t32_r0.time /home/mpiuser/bench-work/93ced641d8b9/target/release/shmap -s /home/mpiuser/_paper_work/hs1.fa -p /home/mpiuser/ont24k/reads_ont24k.fa -k 25 -r 0.01 -t 0.4 -d 0.075 -o 0.3 -m Jaccard -@ 32 -x --profile-log /tmp/baseline/raw/B05_shmap-rs_Jaccard_t32_r0.json
B05	shmap-rs	Jaccard	64	0	REF-HS1	D6-ONT24K	paper	0	6.76	2417228	5956	5409	/usr/bin/time -v -o /tmp/baseline/raw/B05_shmap-rs_Jaccard_t64_r0.time /home/mpiuser/bench-work/93ced641d8b9/target/release/shmap -s /home/mpiuser/_paper_work/hs1.fa -p /home/mpiuser/ont24k/reads_ont24k.fa -k 25 -r 0.01 -t 0.4 -d 0.075 -o 0.3 -m Jaccard -@ 64 -x --profile-log /tmp/baseline/raw/B05_shmap-rs_Jaccard_t64_r0.json
B05	cpp-shmap	bucket_SH	1	median3	REF-HS1	D6-ONT24K	paper	0	53.98	19763196	41115	39225	/usr/bin/time -v -o /tmp/baseline/raw/B05_cpp-shmap_bucket_SH_t1_r0.time /home/mpiuser/Pesho/shmap/release/shmap -s /home/mpiuser/_paper_work/hs1.fa -p /home/mpiuser/ont24k/reads_ont24k.fa -k 25 -r 0.01 -t 0.4 -d 0.075 -o 0.3 -m bucket_SH
B05	shmap-rs	bucket_SH	1	0	REF-HS1	D6-ONT24K	paper	0	23.99	2139880	41115	39226	/usr/bin/time -v -o /tmp/baseline/raw/B05_shmap-rs_bucket_SH_t1_r0.time /home/mpiuser/bench-work/93ced641d8b9/target/release/shmap -s /home/mpiuser/_paper_work/hs1.fa -p /home/mpiuser/ont24k/reads_ont24k.fa -k 25 -r 0.01 -t 0.4 -d 0.075 -o 0.3 -m bucket_SH -@ 1 -x --profile-log /tmp/baseline/raw/B05_shmap-rs_bucket_SH_t1_r0.json
B05	shmap-rs	bucket_SH	2	0	REF-HS1	D6-ONT24K	paper	0	16.48	1872788	41115	39226	/usr/bin/time -v -o /tmp/baseline/raw/B05_shmap-rs_bucket_SH_t2_r0.time /home/mpiuser/bench-work/93ced641d8b9/target/release/shmap -s /home/mpiuser/_paper_work/hs1.fa -p /home/mpiuser/ont24k/reads_ont24k.fa -k 25 -r 0.01 -t 0.4 -d 0.075 -o 0.3 -m bucket_SH -@ 2 -x --profile-log /tmp/baseline/raw/B05_shmap-rs_bucket_SH_t2_r0.json
B05	shmap-rs	bucket_SH	4	0	REF-HS1	D6-ONT24K	paper	0	9.88	1944200	41115	39226	/usr/bin/time -v -o /tmp/baseline/raw/B05_shmap-rs_bucket_SH_t4_r0.time /home/mpiuser/bench-work/93ced641d8b9/target/release/shmap -s /home/mpiuser/_paper_work/hs1.fa -p /home/mpiuser/ont24k/reads_ont24k.fa -k 25 -r 0.01 -t 0.4 -d 0.075 -o 0.3 -m bucket_SH -@ 4 -x --profile-log /tmp/baseline/raw/B05_shmap-rs_bucket_SH_t4_r0.json
B05	shmap-rs	bucket_SH	8	0	REF-HS1	D6-ONT24K	paper	0	7.38	2112372	41115	39226	/usr/bin/time -v -o /tmp/baseline/raw/B05_shmap-rs_bucket_SH_t8_r0.time /home/mpiuser/bench-work/93ced641d8b9/target/release/shmap -s /home/mpiuser/_paper_work/hs1.fa -p /home/mpiuser/ont24k/reads_ont24k.fa -k 25 -r 0.01 -t 0.4 -d 0.075 -o 0.3 -m bucket_SH -@ 8 -x --profile-log /tmp/baseline/raw/B05_shmap-rs_bucket_SH_t8_r0.json
B05	shmap-rs	bucket_SH	16	0	REF-HS1	D6-ONT24K	paper	0	6.54	2163808	41115	39226	/usr/bin/time -v -o /tmp/baseline/raw/B05_shmap-rs_bucket_SH_t16_r0.time /home/mpiuser/bench-work/93ced641d8b9/target/release/shmap -s /home/mpiuser/_paper_work/hs1.fa -p /home/mpiuser/ont24k/reads_ont24k.fa -k 25 -r 0.01 -t 0.4 -d 0.075 -o 0.3 -m bucket_SH -@ 16 -x --profile-log /tmp/baseline/raw/B05_shmap-rs_bucket_SH_t16_r0.json
B05	shmap-rs	bucket_SH	32	0	REF-HS1	D6-ONT24K	paper	0	6.83	2319620	41115	39226	/usr/bin/time -v -o /tmp/baseline/raw/B05_shmap-rs_bucket_SH_t32_r0.time /home/mpiuser/bench-work/93ced641d8b9/target/release/shmap -s /home/mpiuser/_paper_work/hs1.fa -p /home/mpiuser/ont24k/reads_ont24k.fa -k 25 -r 0.01 -t 0.4 -d 0.075 -o 0.3 -m bucket_SH -@ 32 -x --profile-log /tmp/baseline/raw/B05_shmap-rs_bucket_SH_t32_r0.json
B05	shmap-rs	bucket_SH	64	0	REF-HS1	D6-ONT24K	paper	0	6.53	2413360	41115	39226	/usr/bin/time -v -o /tmp/baseline/raw/B05_shmap-rs_bucket_SH_t64_r0.time /home/mpiuser/bench-work/93ced641d8b9/target/release/shmap -s /home/mpiuser/_paper_work/hs1.fa -p /home/mpiuser/ont24k/reads_ont24k.fa -k 25 -r 0.01 -t 0.4 -d 0.075 -o 0.3 -m bucket_SH -@ 64 -x --profile-log /tmp/baseline/raw/B05_shmap-rs_bucket_SH_t64_r0.json
