benchmark	impl	metric	threads	repeat	reference_id	reads_id	params_id	rc	wall_s	index_s	map_s	peak_rss_kb	mapped	mapq60	cmd
B01	cpp-shmap	Containment	1	median3	REF-HS1	D1-HIFI23K	paper	0	106.43			19766268	149194	139309	/usr/bin/time -v -o /home/mpiuser/bench-results/4c36739d9c85-2026-08-01/raw/B01_cpp-shmap_Containment_t1_r0.time /home/mpiuser/Pesho/shmap/release/shmap -s /home/mpiuser/_paper_work/hs1.fa -p /home/mpiuser/real24k/reads_real24k.fa -k 25 -r 0.01 -t 0.4 -d 0.075 -o 0.3 -m Containment
B01	shmap-rs	Containment	1	0	REF-HS1	D1-HIFI23K	paper	0	47.17	9.323	36.449	2046516	149194	139309	/usr/bin/time -v -o /home/mpiuser/bench-results/4c36739d9c85-2026-08-01/raw/B01_shmap-rs_Containment_t1_r0.time /home/mpiuser/bench-work/4c36739d9c85/target/release/shmap -s /home/mpiuser/_paper_work/hs1.fa -p /home/mpiuser/real24k/reads_real24k.fa -k 25 -r 0.01 -t 0.4 -d 0.075 -o 0.3 -m Containment -@ 1 -x --profile-log /home/mpiuser/bench-results/4c36739d9c85-2026-08-01/raw/B01_shmap-rs_Containment_t1_r0.json
B01	shmap-rs	Containment	2	0	REF-HS1	D1-HIFI23K	paper	0	29.2	7.796	20.117	1860864	149194	139309	/usr/bin/time -v -o /home/mpiuser/bench-results/4c36739d9c85-2026-08-01/raw/B01_shmap-rs_Containment_t2_r0.time /home/mpiuser/bench-work/4c36739d9c85/target/release/shmap -s /home/mpiuser/_paper_work/hs1.fa -p /home/mpiuser/real24k/reads_real24k.fa -k 25 -r 0.01 -t 0.4 -d 0.075 -o 0.3 -m Containment -@ 2 -x --profile-log /home/mpiuser/bench-results/4c36739d9c85-2026-08-01/raw/B01_shmap-rs_Containment_t2_r0.json
B01	shmap-rs	Containment	4	0	REF-HS1	D1-HIFI23K	paper	0	18.25	4.808	11.563	1934988	149194	139309	/usr/bin/time -v -o /home/mpiuser/bench-results/4c36739d9c85-2026-08-01/raw/B01_shmap-rs_Containment_t4_r0.time /home/mpiuser/bench-work/4c36739d9c85/target/release/shmap -s /home/mpiuser/_paper_work/hs1.fa -p /home/mpiuser/real24k/reads_real24k.fa -k 25 -r 0.01 -t 0.4 -d 0.075 -o 0.3 -m Containment -@ 4 -x --profile-log /home/mpiuser/bench-results/4c36739d9c85-2026-08-01/raw/B01_shmap-rs_Containment_t4_r0.json
B01	shmap-rs	Containment	8	0	REF-HS1	D1-HIFI23K	paper	0	10.75	2.95	6.141	2119668	149194	139309	/usr/bin/time -v -o /home/mpiuser/bench-results/4c36739d9c85-2026-08-01/raw/B01_shmap-rs_Containment_t8_r0.time /home/mpiuser/bench-work/4c36739d9c85/target/release/shmap -s /home/mpiuser/_paper_work/hs1.fa -p /home/mpiuser/real24k/reads_real24k.fa -k 25 -r 0.01 -t 0.4 -d 0.075 -o 0.3 -m Containment -@ 8 -x --profile-log /home/mpiuser/bench-results/4c36739d9c85-2026-08-01/raw/B01_shmap-rs_Containment_t8_r0.json
B01	shmap-rs	Containment	16	0	REF-HS1	D1-HIFI23K	paper	0	8.2	3.601	3.13	2192284	149194	139309	/usr/bin/time -v -o /home/mpiuser/bench-results/4c36739d9c85-2026-08-01/raw/B01_shmap-rs_Containment_t16_r0.time /home/mpiuser/bench-work/4c36739d9c85/target/release/shmap -s /home/mpiuser/_paper_work/hs1.fa -p /home/mpiuser/real24k/reads_real24k.fa -k 25 -r 0.01 -t 0.4 -d 0.075 -o 0.3 -m Containment -@ 16 -x --profile-log /home/mpiuser/bench-results/4c36739d9c85-2026-08-01/raw/B01_shmap-rs_Containment_t16_r0.json
B01	shmap-rs	Containment	32	0	REF-HS1	D1-HIFI23K	paper	0	7.39	3.035	2.862	2431984	149194	139309	/usr/bin/time -v -o /home/mpiuser/bench-results/4c36739d9c85-2026-08-01/raw/B01_shmap-rs_Containment_t32_r0.time /home/mpiuser/bench-work/4c36739d9c85/target/release/shmap -s /home/mpiuser/_paper_work/hs1.fa -p /home/mpiuser/real24k/reads_real24k.fa -k 25 -r 0.01 -t 0.4 -d 0.075 -o 0.3 -m Containment -@ 32 -x --profile-log /home/mpiuser/bench-results/4c36739d9c85-2026-08-01/raw/B01_shmap-rs_Containment_t32_r0.json
B01	shmap-rs	Containment	64	0	REF-HS1	D1-HIFI23K	paper	0	8.36	3.477	3.351	2518980	149194	139309	/usr/bin/time -v -o /home/mpiuser/bench-results/4c36739d9c85-2026-08-01/raw/B01_shmap-rs_Containment_t64_r0.time /home/mpiuser/bench-work/4c36739d9c85/target/release/shmap -s /home/mpiuser/_paper_work/hs1.fa -p /home/mpiuser/real24k/reads_real24k.fa -k 25 -r 0.01 -t 0.4 -d 0.075 -o 0.3 -m Containment -@ 64 -x --profile-log /home/mpiuser/bench-results/4c36739d9c85-2026-08-01/raw/B01_shmap-rs_Containment_t64_r0.json
B01	cpp-shmap	Jaccard	1	median3	REF-HS1	D1-HIFI23K	paper	0	134.9			19765752	146120	138421	/usr/bin/time -v -o /home/mpiuser/bench-results/4c36739d9c85-2026-08-01/raw/B01_cpp-shmap_Jaccard_t1_r0.time /home/mpiuser/Pesho/shmap/release/shmap -s /home/mpiuser/_paper_work/hs1.fa -p /home/mpiuser/real24k/reads_real24k.fa -k 25 -r 0.01 -t 0.4 -d 0.075 -o 0.3 -m Jaccard
B01	shmap-rs	Jaccard	1	0	REF-HS1	D1-HIFI23K	paper	0	61.43	9.543	50.253	2161904	146120	138421	/usr/bin/time -v -o /home/mpiuser/bench-results/4c36739d9c85-2026-08-01/raw/B01_shmap-rs_Jaccard_t1_r0.time /home/mpiuser/bench-work/4c36739d9c85/target/release/shmap -s /home/mpiuser/_paper_work/hs1.fa -p /home/mpiuser/real24k/reads_real24k.fa -k 25 -r 0.01 -t 0.4 -d 0.075 -o 0.3 -m Jaccard -@ 1 -x --profile-log /home/mpiuser/bench-results/4c36739d9c85-2026-08-01/raw/B01_shmap-rs_Jaccard_t1_r0.json
B01	shmap-rs	Jaccard	2	0	REF-HS1	D1-HIFI23K	paper	0	36.07	7.593	27.053	1872676	146120	138421	/usr/bin/time -v -o /home/mpiuser/bench-results/4c36739d9c85-2026-08-01/raw/B01_shmap-rs_Jaccard_t2_r0.time /home/mpiuser/bench-work/4c36739d9c85/target/release/shmap -s /home/mpiuser/_paper_work/hs1.fa -p /home/mpiuser/real24k/reads_real24k.fa -k 25 -r 0.01 -t 0.4 -d 0.075 -o 0.3 -m Jaccard -@ 2 -x --profile-log /home/mpiuser/bench-results/4c36739d9c85-2026-08-01/raw/B01_shmap-rs_Jaccard_t2_r0.json
B01	shmap-rs	Jaccard	4	0	REF-HS1	D1-HIFI23K	paper	0	21.38	4.703	14.921	1924444	146120	138421	/usr/bin/time -v -o /home/mpiuser/bench-results/4c36739d9c85-2026-08-01/raw/B01_shmap-rs_Jaccard_t4_r0.time /home/mpiuser/bench-work/4c36739d9c85/target/release/shmap -s /home/mpiuser/_paper_work/hs1.fa -p /home/mpiuser/real24k/reads_real24k.fa -k 25 -r 0.01 -t 0.4 -d 0.075 -o 0.3 -m Jaccard -@ 4 -x --profile-log /home/mpiuser/bench-results/4c36739d9c85-2026-08-01/raw/B01_shmap-rs_Jaccard_t4_r0.json
B01	shmap-rs	Jaccard	8	0	REF-HS1	D1-HIFI23K	paper	0	12.37	2.89	8.116	2123692	146120	138421	/usr/bin/time -v -o /home/mpiuser/bench-results/4c36739d9c85-2026-08-01/raw/B01_shmap-rs_Jaccard_t8_r0.time /home/mpiuser/bench-work/4c36739d9c85/target/release/shmap -s /home/mpiuser/_paper_work/hs1.fa -p /home/mpiuser/real24k/reads_real24k.fa -k 25 -r 0.01 -t 0.4 -d 0.075 -o 0.3 -m Jaccard -@ 8 -x --profile-log /home/mpiuser/bench-results/4c36739d9c85-2026-08-01/raw/B01_shmap-rs_Jaccard_t8_r0.json
B01	shmap-rs	Jaccard	16	0	REF-HS1	D1-HIFI23K	paper	0	8.67	3.1	4.089	2185988	146120	138421	/usr/bin/time -v -o /home/mpiuser/bench-results/4c36739d9c85-2026-08-01/raw/B01_shmap-rs_Jaccard_t16_r0.time /home/mpiuser/bench-work/4c36739d9c85/target/release/shmap -s /home/mpiuser/_paper_work/hs1.fa -p /home/mpiuser/real24k/reads_real24k.fa -k 25 -r 0.01 -t 0.4 -d 0.075 -o 0.3 -m Jaccard -@ 16 -x --profile-log /home/mpiuser/bench-results/4c36739d9c85-2026-08-01/raw/B01_shmap-rs_Jaccard_t16_r0.json
B01	shmap-rs	Jaccard	32	0	REF-HS1	D1-HIFI23K	paper	0	7.57	3.055	3.016	2455072	146120	138421	/usr/bin/time -v -o /home/mpiuser/bench-results/4c36739d9c85-2026-08-01/raw/B01_shmap-rs_Jaccard_t32_r0.time /home/mpiuser/bench-work/4c36739d9c85/target/release/shmap -s /home/mpiuser/_paper_work/hs1.fa -p /home/mpiuser/real24k/reads_real24k.fa -k 25 -r 0.01 -t 0.4 -d 0.075 -o 0.3 -m Jaccard -@ 32 -x --profile-log /home/mpiuser/bench-results/4c36739d9c85-2026-08-01/raw/B01_shmap-rs_Jaccard_t32_r0.json
B01	shmap-rs	Jaccard	64	0	REF-HS1	D1-HIFI23K	paper	0	8.15	3.027	3.242	2519680	146120	138421	/usr/bin/time -v -o /home/mpiuser/bench-results/4c36739d9c85-2026-08-01/raw/B01_shmap-rs_Jaccard_t64_r0.time /home/mpiuser/bench-work/4c36739d9c85/target/release/shmap -s /home/mpiuser/_paper_work/hs1.fa -p /home/mpiuser/real24k/reads_real24k.fa -k 25 -r 0.01 -t 0.4 -d 0.075 -o 0.3 -m Jaccard -@ 64 -x --profile-log /home/mpiuser/bench-results/4c36739d9c85-2026-08-01/raw/B01_shmap-rs_Jaccard_t64_r0.json
B01	cpp-shmap	bucket_SH	1	median3	REF-HS1	D1-HIFI23K	paper	0	89.9			19766284	149236	138250	/usr/bin/time -v -o /home/mpiuser/bench-results/4c36739d9c85-2026-08-01/raw/B01_cpp-shmap_bucket_SH_t1_r0.time /home/mpiuser/Pesho/shmap/release/shmap -s /home/mpiuser/_paper_work/hs1.fa -p /home/mpiuser/real24k/reads_real24k.fa -k 25 -r 0.01 -t 0.4 -d 0.075 -o 0.3 -m bucket_SH
B01	shmap-rs	bucket_SH	1	0	REF-HS1	D1-HIFI23K	paper	0	39.0	9.144	28.275	2241820	149236	138250	/usr/bin/time -v -o /home/mpiuser/bench-results/4c36739d9c85-2026-08-01/raw/B01_shmap-rs_bucket_SH_t1_r0.time /home/mpiuser/bench-work/4c36739d9c85/target/release/shmap -s /home/mpiuser/_paper_work/hs1.fa -p /home/mpiuser/real24k/reads_real24k.fa -k 25 -r 0.01 -t 0.4 -d 0.075 -o 0.3 -m bucket_SH -@ 1 -x --profile-log /home/mpiuser/bench-results/4c36739d9c85-2026-08-01/raw/B01_shmap-rs_bucket_SH_t1_r0.json
B01	shmap-rs	bucket_SH	2	0	REF-HS1	D1-HIFI23K	paper	0	25.23	7.714	15.987	1860084	149236	138250	/usr/bin/time -v -o /home/mpiuser/bench-results/4c36739d9c85-2026-08-01/raw/B01_shmap-rs_bucket_SH_t2_r0.time /home/mpiuser/bench-work/4c36739d9c85/target/release/shmap -s /home/mpiuser/_paper_work/hs1.fa -p /home/mpiuser/real24k/reads_real24k.fa -k 25 -r 0.01 -t 0.4 -d 0.075 -o 0.3 -m bucket_SH -@ 2 -x --profile-log /home/mpiuser/bench-results/4c36739d9c85-2026-08-01/raw/B01_shmap-rs_bucket_SH_t2_r0.json
B01	shmap-rs	bucket_SH	4	0	REF-HS1	D1-HIFI23K	paper	0	15.49	4.483	9.359	1933868	149236	138250	/usr/bin/time -v -o /home/mpiuser/bench-results/4c36739d9c85-2026-08-01/raw/B01_shmap-rs_bucket_SH_t4_r0.time /home/mpiuser/bench-work/4c36739d9c85/target/release/shmap -s /home/mpiuser/_paper_work/hs1.fa -p /home/mpiuser/real24k/reads_real24k.fa -k 25 -r 0.01 -t 0.4 -d 0.075 -o 0.3 -m bucket_SH -@ 4 -x --profile-log /home/mpiuser/bench-results/4c36739d9c85-2026-08-01/raw/B01_shmap-rs_bucket_SH_t4_r0.json
B01	shmap-rs	bucket_SH	8	0	REF-HS1	D1-HIFI23K	paper	0	10.02	3.604	4.876	2105460	149236	138250	/usr/bin/time -v -o /home/mpiuser/bench-results/4c36739d9c85-2026-08-01/raw/B01_shmap-rs_bucket_SH_t8_r0.time /home/mpiuser/bench-work/4c36739d9c85/target/release/shmap -s /home/mpiuser/_paper_work/hs1.fa -p /home/mpiuser/real24k/reads_real24k.fa -k 25 -r 0.01 -t 0.4 -d 0.075 -o 0.3 -m bucket_SH -@ 8 -x --profile-log /home/mpiuser/bench-results/4c36739d9c85-2026-08-01/raw/B01_shmap-rs_bucket_SH_t8_r0.json
B01	shmap-rs	bucket_SH	16	0	REF-HS1	D1-HIFI23K	paper	0	7.85	3.629	2.941	2232444	149236	138250	/usr/bin/time -v -o /home/mpiuser/bench-results/4c36739d9c85-2026-08-01/raw/B01_shmap-rs_bucket_SH_t16_r0.time /home/mpiuser/bench-work/4c36739d9c85/target/release/shmap -s /home/mpiuser/_paper_work/hs1.fa -p /home/mpiuser/real24k/reads_real24k.fa -k 25 -r 0.01 -t 0.4 -d 0.075 -o 0.3 -m bucket_SH -@ 16 -x --profile-log /home/mpiuser/bench-results/4c36739d9c85-2026-08-01/raw/B01_shmap-rs_bucket_SH_t16_r0.json
B01	shmap-rs	bucket_SH	32	0	REF-HS1	D1-HIFI23K	paper	0	8.05	3.495	3.112	2310964	149236	138250	/usr/bin/time -v -o /home/mpiuser/bench-results/4c36739d9c85-2026-08-01/raw/B01_shmap-rs_bucket_SH_t32_r0.time /home/mpiuser/bench-work/4c36739d9c85/target/release/shmap -s /home/mpiuser/_paper_work/hs1.fa -p /home/mpiuser/real24k/reads_real24k.fa -k 25 -r 0.01 -t 0.4 -d 0.075 -o 0.3 -m bucket_SH -@ 32 -x --profile-log /home/mpiuser/bench-results/4c36739d9c85-2026-08-01/raw/B01_shmap-rs_bucket_SH_t32_r0.json
B01	shmap-rs	bucket_SH	64	0	REF-HS1	D1-HIFI23K	paper	0	8.54	3.853	3.176	2531476	149236	138250	/usr/bin/time -v -o /home/mpiuser/bench-results/4c36739d9c85-2026-08-01/raw/B01_shmap-rs_bucket_SH_t64_r0.time /home/mpiuser/bench-work/4c36739d9c85/target/release/shmap -s /home/mpiuser/_paper_work/hs1.fa -p /home/mpiuser/real24k/reads_real24k.fa -k 25 -r 0.01 -t 0.4 -d 0.075 -o 0.3 -m bucket_SH -@ 64 -x --profile-log /home/mpiuser/bench-results/4c36739d9c85-2026-08-01/raw/B01_shmap-rs_bucket_SH_t64_r0.json
B02	cpp-shmap	Containment	1	median3	REF-HS1	D2-SIM24K	paper	0	93.27000000000001			19763704	125000	117532	/usr/bin/time -v -o /home/mpiuser/bench-results/4c36739d9c85-2026-08-01/raw/B02_cpp-shmap_Containment_t1_r0.time /home/mpiuser/Pesho/shmap/release/shmap -s /home/mpiuser/_paper_work/hs1.fa -p /home/mpiuser/wgs24k/reads_24kbp_1x.fa -k 25 -r 0.01 -t 0.4 -d 0.075 -o 0.3 -m Containment
B02	shmap-rs	Containment	1	0	REF-HS1	D2-SIM24K	paper	0	39.2	9.281	28.401	2106976	125000	117532	/usr/bin/time -v -o /home/mpiuser/bench-results/4c36739d9c85-2026-08-01/raw/B02_shmap-rs_Containment_t1_r0.time /home/mpiuser/bench-work/4c36739d9c85/target/release/shmap -s /home/mpiuser/_paper_work/hs1.fa -p /home/mpiuser/wgs24k/reads_24kbp_1x.fa -k 25 -r 0.01 -t 0.4 -d 0.075 -o 0.3 -m Containment -@ 1 -x --profile-log /home/mpiuser/bench-results/4c36739d9c85-2026-08-01/raw/B02_shmap-rs_Containment_t1_r0.json
B02	shmap-rs	Containment	2	0	REF-HS1	D2-SIM24K	paper	0	25.84	7.733	16.544	1860612	125000	117532	/usr/bin/time -v -o /home/mpiuser/bench-results/4c36739d9c85-2026-08-01/raw/B02_shmap-rs_Containment_t2_r0.time /home/mpiuser/bench-work/4c36739d9c85/target/release/shmap -s /home/mpiuser/_paper_work/hs1.fa -p /home/mpiuser/wgs24k/reads_24kbp_1x.fa -k 25 -r 0.01 -t 0.4 -d 0.075 -o 0.3 -m Containment -@ 2 -x --profile-log /home/mpiuser/bench-results/4c36739d9c85-2026-08-01/raw/B02_shmap-rs_Containment_t2_r0.json
B02	shmap-rs	Containment	4	0	REF-HS1	D2-SIM24K	paper	0	15.65	4.984	8.954	1942460	125000	117532	/usr/bin/time -v -o /home/mpiuser/bench-results/4c36739d9c85-2026-08-01/raw/B02_shmap-rs_Containment_t4_r0.time /home/mpiuser/bench-work/4c36739d9c85/target/release/shmap -s /home/mpiuser/_paper_work/hs1.fa -p /home/mpiuser/wgs24k/reads_24kbp_1x.fa -k 25 -r 0.01 -t 0.4 -d 0.075 -o 0.3 -m Containment -@ 4 -x --profile-log /home/mpiuser/bench-results/4c36739d9c85-2026-08-01/raw/B02_shmap-rs_Containment_t4_r0.json
B02	shmap-rs	Containment	8	0	REF-HS1	D2-SIM24K	paper	0	9.91	3.544	4.754	2095716	125000	117532	/usr/bin/time -v -o /home/mpiuser/bench-results/4c36739d9c85-2026-08-01/raw/B02_shmap-rs_Containment_t8_r0.time /home/mpiuser/bench-work/4c36739d9c85/target/release/shmap -s /home/mpiuser/_paper_work/hs1.fa -p /home/mpiuser/wgs24k/reads_24kbp_1x.fa -k 25 -r 0.01 -t 0.4 -d 0.075 -o 0.3 -m Containment -@ 8 -x --profile-log /home/mpiuser/bench-results/4c36739d9c85-2026-08-01/raw/B02_shmap-rs_Containment_t8_r0.json
B02	shmap-rs	Containment	16	0	REF-HS1	D2-SIM24K	paper	0	7.56	3.617	2.487	2154192	125000	117532	/usr/bin/time -v -o /home/mpiuser/bench-results/4c36739d9c85-2026-08-01/raw/B02_shmap-rs_Containment_t16_r0.time /home/mpiuser/bench-work/4c36739d9c85/target/release/shmap -s /home/mpiuser/_paper_work/hs1.fa -p /home/mpiuser/wgs24k/reads_24kbp_1x.fa -k 25 -r 0.01 -t 0.4 -d 0.075 -o 0.3 -m Containment -@ 16 -x --profile-log /home/mpiuser/bench-results/4c36739d9c85-2026-08-01/raw/B02_shmap-rs_Containment_t16_r0.json
B02	shmap-rs	Containment	32	0	REF-HS1	D2-SIM24K	paper	0	7.29	3.205	2.505	2368592	125000	117532	/usr/bin/time -v -o /home/mpiuser/bench-results/4c36739d9c85-2026-08-01/raw/B02_shmap-rs_Containment_t32_r0.time /home/mpiuser/bench-work/4c36739d9c85/target/release/shmap -s /home/mpiuser/_paper_work/hs1.fa -p /home/mpiuser/wgs24k/reads_24kbp_1x.fa -k 25 -r 0.01 -t 0.4 -d 0.075 -o 0.3 -m Containment -@ 32 -x --profile-log /home/mpiuser/bench-results/4c36739d9c85-2026-08-01/raw/B02_shmap-rs_Containment_t32_r0.json
B02	shmap-rs	Containment	64	0	REF-HS1	D2-SIM24K	paper	0	7.39	3.191	2.538	2510516	125000	117532	/usr/bin/time -v -o /home/mpiuser/bench-results/4c36739d9c85-2026-08-01/raw/B02_shmap-rs_Containment_t64_r0.time /home/mpiuser/bench-work/4c36739d9c85/target/release/shmap -s /home/mpiuser/_paper_work/hs1.fa -p /home/mpiuser/wgs24k/reads_24kbp_1x.fa -k 25 -r 0.01 -t 0.4 -d 0.075 -o 0.3 -m Containment -@ 64 -x --profile-log /home/mpiuser/bench-results/4c36739d9c85-2026-08-01/raw/B02_shmap-rs_Containment_t64_r0.json
B02	cpp-shmap	Jaccard	1	median3	REF-HS1	D2-SIM24K	paper	0	120.32			19763704	125000	119065	/usr/bin/time -v -o /home/mpiuser/bench-results/4c36739d9c85-2026-08-01/raw/B02_cpp-shmap_Jaccard_t1_r0.time /home/mpiuser/Pesho/shmap/release/shmap -s /home/mpiuser/_paper_work/hs1.fa -p /home/mpiuser/wgs24k/reads_24kbp_1x.fa -k 25 -r 0.01 -t 0.4 -d 0.075 -o 0.3 -m Jaccard
B02	shmap-rs	Jaccard	1	0	REF-HS1	D2-SIM24K	paper	0	54.38	9.153	43.715	2190580	125000	119065	/usr/bin/time -v -o /home/mpiuser/bench-results/4c36739d9c85-2026-08-01/raw/B02_shmap-rs_Jaccard_t1_r0.time /home/mpiuser/bench-work/4c36739d9c85/target/release/shmap -s /home/mpiuser/_paper_work/hs1.fa -p /home/mpiuser/wgs24k/reads_24kbp_1x.fa -k 25 -r 0.01 -t 0.4 -d 0.075 -o 0.3 -m Jaccard -@ 1 -x --profile-log /home/mpiuser/bench-results/4c36739d9c85-2026-08-01/raw/B02_shmap-rs_Jaccard_t1_r0.json
B02	shmap-rs	Jaccard	2	0	REF-HS1	D2-SIM24K	paper	0	32.6	7.667	23.537	1859496	125000	119065	/usr/bin/time -v -o /home/mpiuser/bench-results/4c36739d9c85-2026-08-01/raw/B02_shmap-rs_Jaccard_t2_r0.time /home/mpiuser/bench-work/4c36739d9c85/target/release/shmap -s /home/mpiuser/_paper_work/hs1.fa -p /home/mpiuser/wgs24k/reads_24kbp_1x.fa -k 25 -r 0.01 -t 0.4 -d 0.075 -o 0.3 -m Jaccard -@ 2 -x --profile-log /home/mpiuser/bench-results/4c36739d9c85-2026-08-01/raw/B02_shmap-rs_Jaccard_t2_r0.json
B02	shmap-rs	Jaccard	4	0	REF-HS1	D2-SIM24K	paper	0	19.39	4.596	12.978	1930984	125000	119065	/usr/bin/time -v -o /home/mpiuser/bench-results/4c36739d9c85-2026-08-01/raw/B02_shmap-rs_Jaccard_t4_r0.time /home/mpiuser/bench-work/4c36739d9c85/target/release/shmap -s /home/mpiuser/_paper_work/hs1.fa -p /home/mpiuser/wgs24k/reads_24kbp_1x.fa -k 25 -r 0.01 -t 0.4 -d 0.075 -o 0.3 -m Jaccard -@ 4 -x --profile-log /home/mpiuser/bench-results/4c36739d9c85-2026-08-01/raw/B02_shmap-rs_Jaccard_t4_r0.json
B02	shmap-rs	Jaccard	8	0	REF-HS1	D2-SIM24K	paper	0	11.7	3.299	6.782	2118856	125000	119065	/usr/bin/time -v -o /home/mpiuser/bench-results/4c36739d9c85-2026-08-01/raw/B02_shmap-rs_Jaccard_t8_r0.time /home/mpiuser/bench-work/4c36739d9c85/target/release/shmap -s /home/mpiuser/_paper_work/hs1.fa -p /home/mpiuser/wgs24k/reads_24kbp_1x.fa -k 25 -r 0.01 -t 0.4 -d 0.075 -o 0.3 -m Jaccard -@ 8 -x --profile-log /home/mpiuser/bench-results/4c36739d9c85-2026-08-01/raw/B02_shmap-rs_Jaccard_t8_r0.json
B02	shmap-rs	Jaccard	16	0	REF-HS1	D2-SIM24K	paper	0	8.27	3.259	3.526	2178464	125000	119065	/usr/bin/time -v -o /home/mpiuser/bench-results/4c36739d9c85-2026-08-01/raw/B02_shmap-rs_Jaccard_t16_r0.time /home/mpiuser/bench-work/4c36739d9c85/target/release/shmap -s /home/mpiuser/_paper_work/hs1.fa -p /home/mpiuser/wgs24k/reads_24kbp_1x.fa -k 25 -r 0.01 -t 0.4 -d 0.075 -o 0.3 -m Jaccard -@ 16 -x --profile-log /home/mpiuser/bench-results/4c36739d9c85-2026-08-01/raw/B02_shmap-rs_Jaccard_t16_r0.json
B02	shmap-rs	Jaccard	32	0	REF-HS1	D2-SIM24K	paper	0	7.58	3.576	2.533	2374312	125000	119065	/usr/bin/time -v -o /home/mpiuser/bench-results/4c36739d9c85-2026-08-01/raw/B02_shmap-rs_Jaccard_t32_r0.time /home/mpiuser/bench-work/4c36739d9c85/target/release/shmap -s /home/mpiuser/_paper_work/hs1.fa -p /home/mpiuser/wgs24k/reads_24kbp_1x.fa -k 25 -r 0.01 -t 0.4 -d 0.075 -o 0.3 -m Jaccard -@ 32 -x --profile-log /home/mpiuser/bench-results/4c36739d9c85-2026-08-01/raw/B02_shmap-rs_Jaccard_t32_r0.json
B02	shmap-rs	Jaccard	64	0	REF-HS1	D2-SIM24K	paper	0	7.61	3.484	2.576	2546816	125000	119065	/usr/bin/time -v -o /home/mpiuser/bench-results/4c36739d9c85-2026-08-01/raw/B02_shmap-rs_Jaccard_t64_r0.time /home/mpiuser/bench-work/4c36739d9c85/target/release/shmap -s /home/mpiuser/_paper_work/hs1.fa -p /home/mpiuser/wgs24k/reads_24kbp_1x.fa -k 25 -r 0.01 -t 0.4 -d 0.075 -o 0.3 -m Jaccard -@ 64 -x --profile-log /home/mpiuser/bench-results/4c36739d9c85-2026-08-01/raw/B02_shmap-rs_Jaccard_t64_r0.json
B02	cpp-shmap	bucket_SH	1	median3	REF-HS1	D2-SIM24K	paper	0	82.76			19763704	125000	116802	/usr/bin/time -v -o /home/mpiuser/bench-results/4c36739d9c85-2026-08-01/raw/B02_cpp-shmap_bucket_SH_t1_r0.time /home/mpiuser/Pesho/shmap/release/shmap -s /home/mpiuser/_paper_work/hs1.fa -p /home/mpiuser/wgs24k/reads_24kbp_1x.fa -k 25 -r 0.01 -t 0.4 -d 0.075 -o 0.3 -m bucket_SH
B02	shmap-rs	bucket_SH	1	0	REF-HS1	D2-SIM24K	paper	0	35.59	9.091	24.908	2219208	125000	116800	/usr/bin/time -v -o /home/mpiuser/bench-results/4c36739d9c85-2026-08-01/raw/B02_shmap-rs_bucket_SH_t1_r0.time /home/mpiuser/bench-work/4c36739d9c85/target/release/shmap -s /home/mpiuser/_paper_work/hs1.fa -p /home/mpiuser/wgs24k/reads_24kbp_1x.fa -k 25 -r 0.01 -t 0.4 -d 0.075 -o 0.3 -m bucket_SH -@ 1 -x --profile-log /home/mpiuser/bench-results/4c36739d9c85-2026-08-01/raw/B02_shmap-rs_bucket_SH_t1_r0.json
B02	shmap-rs	bucket_SH	2	0	REF-HS1	D2-SIM24K	paper	0	23.64	7.734	14.345	1867980	125000	116800	/usr/bin/time -v -o /home/mpiuser/bench-results/4c36739d9c85-2026-08-01/raw/B02_shmap-rs_bucket_SH_t2_r0.time /home/mpiuser/bench-work/4c36739d9c85/target/release/shmap -s /home/mpiuser/_paper_work/hs1.fa -p /home/mpiuser/wgs24k/reads_24kbp_1x.fa -k 25 -r 0.01 -t 0.4 -d 0.075 -o 0.3 -m bucket_SH -@ 2 -x --profile-log /home/mpiuser/bench-results/4c36739d9c85-2026-08-01/raw/B02_shmap-rs_bucket_SH_t2_r0.json
B02	shmap-rs	bucket_SH	4	0	REF-HS1	D2-SIM24K	paper	0	14.29	4.495	8.026	1922628	125000	116800	/usr/bin/time -v -o /home/mpiuser/bench-results/4c36739d9c85-2026-08-01/raw/B02_shmap-rs_bucket_SH_t4_r0.time /home/mpiuser/bench-work/4c36739d9c85/target/release/shmap -s /home/mpiuser/_paper_work/hs1.fa -p /home/mpiuser/wgs24k/reads_24kbp_1x.fa -k 25 -r 0.01 -t 0.4 -d 0.075 -o 0.3 -m bucket_SH -@ 4 -x --profile-log /home/mpiuser/bench-results/4c36739d9c85-2026-08-01/raw/B02_shmap-rs_bucket_SH_t4_r0.json
B02	shmap-rs	bucket_SH	8	0	REF-HS1	D2-SIM24K	paper	0	9.03	3.327	4.223	2112952	125000	116800	/usr/bin/time -v -o /home/mpiuser/bench-results/4c36739d9c85-2026-08-01/raw/B02_shmap-rs_bucket_SH_t8_r0.time /home/mpiuser/bench-work/4c36739d9c85/target/release/shmap -s /home/mpiuser/_paper_work/hs1.fa -p /home/mpiuser/wgs24k/reads_24kbp_1x.fa -k 25 -r 0.01 -t 0.4 -d 0.075 -o 0.3 -m bucket_SH -@ 8 -x --profile-log /home/mpiuser/bench-results/4c36739d9c85-2026-08-01/raw/B02_shmap-rs_bucket_SH_t8_r0.json
B02	shmap-rs	bucket_SH	16	0	REF-HS1	D2-SIM24K	paper	0	7.52	3.36	2.489	2211904	125000	116800	/usr/bin/time -v -o /home/mpiuser/bench-results/4c36739d9c85-2026-08-01/raw/B02_shmap-rs_bucket_SH_t16_r0.time /home/mpiuser/bench-work/4c36739d9c85/target/release/shmap -s /home/mpiuser/_paper_work/hs1.fa -p /home/mpiuser/wgs24k/reads_24kbp_1x.fa -k 25 -r 0.01 -t 0.4 -d 0.075 -o 0.3 -m bucket_SH -@ 16 -x --profile-log /home/mpiuser/bench-results/4c36739d9c85-2026-08-01/raw/B02_shmap-rs_bucket_SH_t16_r0.json
B02	shmap-rs	bucket_SH	32	0	REF-HS1	D2-SIM24K	paper	0	7.43	3.481	2.519	2369872	125000	116800	/usr/bin/time -v -o /home/mpiuser/bench-results/4c36739d9c85-2026-08-01/raw/B02_shmap-rs_bucket_SH_t32_r0.time /home/mpiuser/bench-work/4c36739d9c85/target/release/shmap -s /home/mpiuser/_paper_work/hs1.fa -p /home/mpiuser/wgs24k/reads_24kbp_1x.fa -k 25 -r 0.01 -t 0.4 -d 0.075 -o 0.3 -m bucket_SH -@ 32 -x --profile-log /home/mpiuser/bench-results/4c36739d9c85-2026-08-01/raw/B02_shmap-rs_bucket_SH_t32_r0.json
B02	shmap-rs	bucket_SH	64	0	REF-HS1	D2-SIM24K	paper	0	7.63	3.755	2.43	2525444	125000	116800	/usr/bin/time -v -o /home/mpiuser/bench-results/4c36739d9c85-2026-08-01/raw/B02_shmap-rs_bucket_SH_t64_r0.time /home/mpiuser/bench-work/4c36739d9c85/target/release/shmap -s /home/mpiuser/_paper_work/hs1.fa -p /home/mpiuser/wgs24k/reads_24kbp_1x.fa -k 25 -r 0.01 -t 0.4 -d 0.075 -o 0.3 -m bucket_SH -@ 64 -x --profile-log /home/mpiuser/bench-results/4c36739d9c85-2026-08-01/raw/B02_shmap-rs_bucket_SH_t64_r0.json
B03	cpp-shmap	Containment	1	median3	REF-HS1	D3-HIFI1X	paper	0	117.03999999999999			19765748	241991	227521	/usr/bin/time -v -o /home/mpiuser/bench-results/4c36739d9c85-2026-08-01/raw/B03_cpp-shmap_Containment_t1_r0.time /home/mpiuser/Pesho/shmap/release/shmap -s /home/mpiuser/_paper_work/hs1.fa -p /home/mpiuser/hifi_real/hifi_1x.fa -k 25 -r 0.01 -t 0.4 -d 0.075 -o 0.3 -m Containment
B03	shmap-rs	Containment	1	0	REF-HS1	D3-HIFI1X	paper	0	55.16	9.264	44.346	2182308	241991	227521	/usr/bin/time -v -o /home/mpiuser/bench-results/4c36739d9c85-2026-08-01/raw/B03_shmap-rs_Containment_t1_r0.time /home/mpiuser/bench-work/4c36739d9c85/target/release/shmap -s /home/mpiuser/_paper_work/hs1.fa -p /home/mpiuser/hifi_real/hifi_1x.fa -k 25 -r 0.01 -t 0.4 -d 0.075 -o 0.3 -m Containment -@ 1 -x --profile-log /home/mpiuser/bench-results/4c36739d9c85-2026-08-01/raw/B03_shmap-rs_Containment_t1_r0.json
B03	shmap-rs	Containment	2	0	REF-HS1	D3-HIFI1X	paper	0	33.62	7.802	24.357	1948260	241991	227521	/usr/bin/time -v -o /home/mpiuser/bench-results/4c36739d9c85-2026-08-01/raw/B03_shmap-rs_Containment_t2_r0.time /home/mpiuser/bench-work/4c36739d9c85/target/release/shmap -s /home/mpiuser/_paper_work/hs1.fa -p /home/mpiuser/hifi_real/hifi_1x.fa -k 25 -r 0.01 -t 0.4 -d 0.075 -o 0.3 -m Containment -@ 2 -x --profile-log /home/mpiuser/bench-results/4c36739d9c85-2026-08-01/raw/B03_shmap-rs_Containment_t2_r0.json
B03	shmap-rs	Containment	4	0	REF-HS1	D3-HIFI1X	paper	0	21.34	4.805	14.487	2072588	241991	227521	/usr/bin/time -v -o /home/mpiuser/bench-results/4c36739d9c85-2026-08-01/raw/B03_shmap-rs_Containment_t4_r0.time /home/mpiuser/bench-work/4c36739d9c85/target/release/shmap -s /home/mpiuser/_paper_work/hs1.fa -p /home/mpiuser/hifi_real/hifi_1x.fa -k 25 -r 0.01 -t 0.4 -d 0.075 -o 0.3 -m Containment -@ 4 -x --profile-log /home/mpiuser/bench-results/4c36739d9c85-2026-08-01/raw/B03_shmap-rs_Containment_t4_r0.json
B03	shmap-rs	Containment	8	0	REF-HS1	D3-HIFI1X	paper	0	12.37	3.685	7.28	2327684	241991	227521	/usr/bin/time -v -o /home/mpiuser/bench-results/4c36739d9c85-2026-08-01/raw/B03_shmap-rs_Containment_t8_r0.time /home/mpiuser/bench-work/4c36739d9c85/target/release/shmap -s /home/mpiuser/_paper_work/hs1.fa -p /home/mpiuser/hifi_real/hifi_1x.fa -k 25 -r 0.01 -t 0.4 -d 0.075 -o 0.3 -m Containment -@ 8 -x --profile-log /home/mpiuser/bench-results/4c36739d9c85-2026-08-01/raw/B03_shmap-rs_Containment_t8_r0.json
B03	shmap-rs	Containment	16	0	REF-HS1	D3-HIFI1X	paper	0	9.7	3.325	4.796	3049640	241991	227521	/usr/bin/time -v -o /home/mpiuser/bench-results/4c36739d9c85-2026-08-01/raw/B03_shmap-rs_Containment_t16_r0.time /home/mpiuser/bench-work/4c36739d9c85/target/release/shmap -s /home/mpiuser/_paper_work/hs1.fa -p /home/mpiuser/hifi_real/hifi_1x.fa -k 25 -r 0.01 -t 0.4 -d 0.075 -o 0.3 -m Containment -@ 16 -x --profile-log /home/mpiuser/bench-results/4c36739d9c85-2026-08-01/raw/B03_shmap-rs_Containment_t16_r0.json
B03	shmap-rs	Containment	32	0	REF-HS1	D3-HIFI1X	paper	0	9.13	2.918	4.626	3650128	241991	227521	/usr/bin/time -v -o /home/mpiuser/bench-results/4c36739d9c85-2026-08-01/raw/B03_shmap-rs_Containment_t32_r0.time /home/mpiuser/bench-work/4c36739d9c85/target/release/shmap -s /home/mpiuser/_paper_work/hs1.fa -p /home/mpiuser/hifi_real/hifi_1x.fa -k 25 -r 0.01 -t 0.4 -d 0.075 -o 0.3 -m Containment -@ 32 -x --profile-log /home/mpiuser/bench-results/4c36739d9c85-2026-08-01/raw/B03_shmap-rs_Containment_t32_r0.json
B03	shmap-rs	Containment	64	0	REF-HS1	D3-HIFI1X	paper	0	10.34	3.399	5.274	4496420	241991	227521	/usr/bin/time -v -o /home/mpiuser/bench-results/4c36739d9c85-2026-08-01/raw/B03_shmap-rs_Containment_t64_r0.time /home/mpiuser/bench-work/4c36739d9c85/target/release/shmap -s /home/mpiuser/_paper_work/hs1.fa -p /home/mpiuser/hifi_real/hifi_1x.fa -k 25 -r 0.01 -t 0.4 -d 0.075 -o 0.3 -m Containment -@ 64 -x --profile-log /home/mpiuser/bench-results/4c36739d9c85-2026-08-01/raw/B03_shmap-rs_Containment_t64_r0.json
B03	cpp-shmap	Jaccard	1	median3	REF-HS1	D3-HIFI1X	paper	0	146.7			19765244	241265	228886	/usr/bin/time -v -o /home/mpiuser/bench-results/4c36739d9c85-2026-08-01/raw/B03_cpp-shmap_Jaccard_t1_r0.time /home/mpiuser/Pesho/shmap/release/shmap -s /home/mpiuser/_paper_work/hs1.fa -p /home/mpiuser/hifi_real/hifi_1x.fa -k 25 -r 0.01 -t 0.4 -d 0.075 -o 0.3 -m Jaccard
B03	shmap-rs	Jaccard	1	0	REF-HS1	D3-HIFI1X	paper	0	71.61	9.607	60.567	1965140	241265	228887	/usr/bin/time -v -o /home/mpiuser/bench-results/4c36739d9c85-2026-08-01/raw/B03_shmap-rs_Jaccard_t1_r0.time /home/mpiuser/bench-work/4c36739d9c85/target/release/shmap -s /home/mpiuser/_paper_work/hs1.fa -p /home/mpiuser/hifi_real/hifi_1x.fa -k 25 -r 0.01 -t 0.4 -d 0.075 -o 0.3 -m Jaccard -@ 1 -x --profile-log /home/mpiuser/bench-results/4c36739d9c85-2026-08-01/raw/B03_shmap-rs_Jaccard_t1_r0.json
B03	shmap-rs	Jaccard	2	0	REF-HS1	D3-HIFI1X	paper	0	39.42	7.622	30.292	1957468	241265	228887	/usr/bin/time -v -o /home/mpiuser/bench-results/4c36739d9c85-2026-08-01/raw/B03_shmap-rs_Jaccard_t2_r0.time /home/mpiuser/bench-work/4c36739d9c85/target/release/shmap -s /home/mpiuser/_paper_work/hs1.fa -p /home/mpiuser/hifi_real/hifi_1x.fa -k 25 -r 0.01 -t 0.4 -d 0.075 -o 0.3 -m Jaccard -@ 2 -x --profile-log /home/mpiuser/bench-results/4c36739d9c85-2026-08-01/raw/B03_shmap-rs_Jaccard_t2_r0.json
B03	shmap-rs	Jaccard	4	0	REF-HS1	D3-HIFI1X	paper	0	25.19	5.03	18.246	2084236	241265	228887	/usr/bin/time -v -o /home/mpiuser/bench-results/4c36739d9c85-2026-08-01/raw/B03_shmap-rs_Jaccard_t4_r0.time /home/mpiuser/bench-work/4c36739d9c85/target/release/shmap -s /home/mpiuser/_paper_work/hs1.fa -p /home/mpiuser/hifi_real/hifi_1x.fa -k 25 -r 0.01 -t 0.4 -d 0.075 -o 0.3 -m Jaccard -@ 4 -x --profile-log /home/mpiuser/bench-results/4c36739d9c85-2026-08-01/raw/B03_shmap-rs_Jaccard_t4_r0.json
B03	shmap-rs	Jaccard	8	0	REF-HS1	D3-HIFI1X	paper	0	14.09	3.28	9.258	2341972	241265	228887	/usr/bin/time -v -o /home/mpiuser/bench-results/4c36739d9c85-2026-08-01/raw/B03_shmap-rs_Jaccard_t8_r0.time /home/mpiuser/bench-work/4c36739d9c85/target/release/shmap -s /home/mpiuser/_paper_work/hs1.fa -p /home/mpiuser/hifi_real/hifi_1x.fa -k 25 -r 0.01 -t 0.4 -d 0.075 -o 0.3 -m Jaccard -@ 8 -x --profile-log /home/mpiuser/bench-results/4c36739d9c85-2026-08-01/raw/B03_shmap-rs_Jaccard_t8_r0.json
B03	shmap-rs	Jaccard	16	0	REF-HS1	D3-HIFI1X	paper	0	10.2	3.434	5.391	2732392	241265	228887	/usr/bin/time -v -o /home/mpiuser/bench-results/4c36739d9c85-2026-08-01/raw/B03_shmap-rs_Jaccard_t16_r0.time /home/mpiuser/bench-work/4c36739d9c85/target/release/shmap -s /home/mpiuser/_paper_work/hs1.fa -p /home/mpiuser/hifi_real/hifi_1x.fa -k 25 -r 0.01 -t 0.4 -d 0.075 -o 0.3 -m Jaccard -@ 16 -x --profile-log /home/mpiuser/bench-results/4c36739d9c85-2026-08-01/raw/B03_shmap-rs_Jaccard_t16_r0.json
B03	shmap-rs	Jaccard	32	0	REF-HS1	D3-HIFI1X	paper	0	9.09	3.172	4.424	3796372	241265	228887	/usr/bin/time -v -o /home/mpiuser/bench-results/4c36739d9c85-2026-08-01/raw/B03_shmap-rs_Jaccard_t32_r0.time /home/mpiuser/bench-work/4c36739d9c85/target/release/shmap -s /home/mpiuser/_paper_work/hs1.fa -p /home/mpiuser/hifi_real/hifi_1x.fa -k 25 -r 0.01 -t 0.4 -d 0.075 -o 0.3 -m Jaccard -@ 32 -x --profile-log /home/mpiuser/bench-results/4c36739d9c85-2026-08-01/raw/B03_shmap-rs_Jaccard_t32_r0.json
B03	shmap-rs	Jaccard	64	0	REF-HS1	D3-HIFI1X	paper	0	10.47	3.774	5.003	4511744	241265	228887	/usr/bin/time -v -o /home/mpiuser/bench-results/4c36739d9c85-2026-08-01/raw/B03_shmap-rs_Jaccard_t64_r0.time /home/mpiuser/bench-work/4c36739d9c85/target/release/shmap -s /home/mpiuser/_paper_work/hs1.fa -p /home/mpiuser/hifi_real/hifi_1x.fa -k 25 -r 0.01 -t 0.4 -d 0.075 -o 0.3 -m Jaccard -@ 64 -x --profile-log /home/mpiuser/bench-results/4c36739d9c85-2026-08-01/raw/B03_shmap-rs_Jaccard_t64_r0.json
B03	cpp-shmap	bucket_SH	1	median3	REF-HS1	D3-HIFI1X	paper	0	101.06			19765240	242050	226934	/usr/bin/time -v -o /home/mpiuser/bench-results/4c36739d9c85-2026-08-01/raw/B03_cpp-shmap_bucket_SH_t1_r0.time /home/mpiuser/Pesho/shmap/release/shmap -s /home/mpiuser/_paper_work/hs1.fa -p /home/mpiuser/hifi_real/hifi_1x.fa -k 25 -r 0.01 -t 0.4 -d 0.075 -o 0.3 -m bucket_SH
B03	shmap-rs	bucket_SH	1	0	REF-HS1	D3-HIFI1X	paper	0	46.39	9.357	35.486	2291760	242050	226931	/usr/bin/time -v -o /home/mpiuser/bench-results/4c36739d9c85-2026-08-01/raw/B03_shmap-rs_bucket_SH_t1_r0.time /home/mpiuser/bench-work/4c36739d9c85/target/release/shmap -s /home/mpiuser/_paper_work/hs1.fa -p /home/mpiuser/hifi_real/hifi_1x.fa -k 25 -r 0.01 -t 0.4 -d 0.075 -o 0.3 -m bucket_SH -@ 1 -x --profile-log /home/mpiuser/bench-results/4c36739d9c85-2026-08-01/raw/B03_shmap-rs_bucket_SH_t1_r0.json
B03	shmap-rs	bucket_SH	2	0	REF-HS1	D3-HIFI1X	paper	0	30.91	7.623	21.382	1948636	242050	226931	/usr/bin/time -v -o /home/mpiuser/bench-results/4c36739d9c85-2026-08-01/raw/B03_shmap-rs_bucket_SH_t2_r0.time /home/mpiuser/bench-work/4c36739d9c85/target/release/shmap -s /home/mpiuser/_paper_work/hs1.fa -p /home/mpiuser/hifi_real/hifi_1x.fa -k 25 -r 0.01 -t 0.4 -d 0.075 -o 0.3 -m bucket_SH -@ 2 -x --profile-log /home/mpiuser/bench-results/4c36739d9c85-2026-08-01/raw/B03_shmap-rs_bucket_SH_t2_r0.json
B03	shmap-rs	bucket_SH	4	0	REF-HS1	D3-HIFI1X	paper	0	18.17	4.468	11.961	2102912	242050	226931	/usr/bin/time -v -o /home/mpiuser/bench-results/4c36739d9c85-2026-08-01/raw/B03_shmap-rs_bucket_SH_t4_r0.time /home/mpiuser/bench-work/4c36739d9c85/target/release/shmap -s /home/mpiuser/_paper_work/hs1.fa -p /home/mpiuser/hifi_real/hifi_1x.fa -k 25 -r 0.01 -t 0.4 -d 0.075 -o 0.3 -m bucket_SH -@ 4 -x --profile-log /home/mpiuser/bench-results/4c36739d9c85-2026-08-01/raw/B03_shmap-rs_bucket_SH_t4_r0.json
B03	shmap-rs	bucket_SH	8	0	REF-HS1	D3-HIFI1X	paper	0	11.19	3.481	6.166	2365088	242050	226931	/usr/bin/time -v -o /home/mpiuser/bench-results/4c36739d9c85-2026-08-01/raw/B03_shmap-rs_bucket_SH_t8_r0.time /home/mpiuser/bench-work/4c36739d9c85/target/release/shmap -s /home/mpiuser/_paper_work/hs1.fa -p /home/mpiuser/hifi_real/hifi_1x.fa -k 25 -r 0.01 -t 0.4 -d 0.075 -o 0.3 -m bucket_SH -@ 8 -x --profile-log /home/mpiuser/bench-results/4c36739d9c85-2026-08-01/raw/B03_shmap-rs_bucket_SH_t8_r0.json
B03	shmap-rs	bucket_SH	16	0	REF-HS1	D3-HIFI1X	paper	0	9.2	3.546	4.226	3193380	242050	226931	/usr/bin/time -v -o /home/mpiuser/bench-results/4c36739d9c85-2026-08-01/raw/B03_shmap-rs_bucket_SH_t16_r0.time /home/mpiuser/bench-work/4c36739d9c85/target/release/shmap -s /home/mpiuser/_paper_work/hs1.fa -p /home/mpiuser/hifi_real/hifi_1x.fa -k 25 -r 0.01 -t 0.4 -d 0.075 -o 0.3 -m bucket_SH -@ 16 -x --profile-log /home/mpiuser/bench-results/4c36739d9c85-2026-08-01/raw/B03_shmap-rs_bucket_SH_t16_r0.json
B03	shmap-rs	bucket_SH	32	0	REF-HS1	D3-HIFI1X	paper	0	9.17	3.655	4.07	3929044	242050	226931	/usr/bin/time -v -o /home/mpiuser/bench-results/4c36739d9c85-2026-08-01/raw/B03_shmap-rs_bucket_SH_t32_r0.time /home/mpiuser/bench-work/4c36739d9c85/target/release/shmap -s /home/mpiuser/_paper_work/hs1.fa -p /home/mpiuser/hifi_real/hifi_1x.fa -k 25 -r 0.01 -t 0.4 -d 0.075 -o 0.3 -m bucket_SH -@ 32 -x --profile-log /home/mpiuser/bench-results/4c36739d9c85-2026-08-01/raw/B03_shmap-rs_bucket_SH_t32_r0.json
B03	shmap-rs	bucket_SH	64	0	REF-HS1	D3-HIFI1X	paper	0	11.18	3.788	5.67	4686844	242050	226931	/usr/bin/time -v -o /home/mpiuser/bench-results/4c36739d9c85-2026-08-01/raw/B03_shmap-rs_bucket_SH_t64_r0.time /home/mpiuser/bench-work/4c36739d9c85/target/release/shmap -s /home/mpiuser/_paper_work/hs1.fa -p /home/mpiuser/hifi_real/hifi_1x.fa -k 25 -r 0.01 -t 0.4 -d 0.075 -o 0.3 -m bucket_SH -@ 64 -x --profile-log /home/mpiuser/bench-results/4c36739d9c85-2026-08-01/raw/B03_shmap-rs_bucket_SH_t64_r0.json
B04	cpp-shmap	Containment	1	median3	REF-HS1	D4-HIFI10X	paper	0	838.94			19769852	2419796	2273121	/usr/bin/time -v -o /home/mpiuser/bench-results/4c36739d9c85-2026-08-01/raw/B04_cpp-shmap_Containment_t1_r0.time /home/mpiuser/Pesho/shmap/release/shmap -s /home/mpiuser/_paper_work/hs1.fa -p /home/mpiuser/hifi_real/hifi_10x.fa -k 25 -r 0.01 -t 0.4 -d 0.075 -o 0.3 -m Containment
B04	shmap-rs	Containment	1	0	REF-HS1	D4-HIFI10X	paper	0	449.65	9.285	438.874	2259120	2419796	2273122	/usr/bin/time -v -o /home/mpiuser/bench-results/4c36739d9c85-2026-08-01/raw/B04_shmap-rs_Containment_t1_r0.time /home/mpiuser/bench-work/4c36739d9c85/target/release/shmap -s /home/mpiuser/_paper_work/hs1.fa -p /home/mpiuser/hifi_real/hifi_10x.fa -k 25 -r 0.01 -t 0.4 -d 0.075 -o 0.3 -m Containment -@ 1 -x --profile-log /home/mpiuser/bench-results/4c36739d9c85-2026-08-01/raw/B04_shmap-rs_Containment_t1_r0.json
B04	shmap-rs	Containment	2	0	REF-HS1	D4-HIFI10X	paper	0	242.9	7.828	233.615	1994536	2419796	2273122	/usr/bin/time -v -o /home/mpiuser/bench-results/4c36739d9c85-2026-08-01/raw/B04_shmap-rs_Containment_t2_r0.time /home/mpiuser/bench-work/4c36739d9c85/target/release/shmap -s /home/mpiuser/_paper_work/hs1.fa -p /home/mpiuser/hifi_real/hifi_10x.fa -k 25 -r 0.01 -t 0.4 -d 0.075 -o 0.3 -m Containment -@ 2 -x --profile-log /home/mpiuser/bench-results/4c36739d9c85-2026-08-01/raw/B04_shmap-rs_Containment_t2_r0.json
B04	shmap-rs	Containment	4	0	REF-HS1	D4-HIFI10X	paper	0	144.76	4.733	138.184	2132176	2419796	2273122	/usr/bin/time -v -o /home/mpiuser/bench-results/4c36739d9c85-2026-08-01/raw/B04_shmap-rs_Containment_t4_r0.time /home/mpiuser/bench-work/4c36739d9c85/target/release/shmap -s /home/mpiuser/_paper_work/hs1.fa -p /home/mpiuser/hifi_real/hifi_10x.fa -k 25 -r 0.01 -t 0.4 -d 0.075 -o 0.3 -m Containment -@ 4 -x --profile-log /home/mpiuser/bench-results/4c36739d9c85-2026-08-01/raw/B04_shmap-rs_Containment_t4_r0.json
B04	shmap-rs	Containment	8	0	REF-HS1	D4-HIFI10X	paper	0	74.6	2.871	70.252	2431428	2419796	2273122	/usr/bin/time -v -o /home/mpiuser/bench-results/4c36739d9c85-2026-08-01/raw/B04_shmap-rs_Containment_t8_r0.time /home/mpiuser/bench-work/4c36739d9c85/target/release/shmap -s /home/mpiuser/_paper_work/hs1.fa -p /home/mpiuser/hifi_real/hifi_10x.fa -k 25 -r 0.01 -t 0.4 -d 0.075 -o 0.3 -m Containment -@ 8 -x --profile-log /home/mpiuser/bench-results/4c36739d9c85-2026-08-01/raw/B04_shmap-rs_Containment_t8_r0.json
B04	shmap-rs	Containment	16	0	REF-HS1	D4-HIFI10X	paper	0	42.92	3.342	38.011	4359080	2419796	2273122	/usr/bin/time -v -o /home/mpiuser/bench-results/4c36739d9c85-2026-08-01/raw/B04_shmap-rs_Containment_t16_r0.time /home/mpiuser/bench-work/4c36739d9c85/target/release/shmap -s /home/mpiuser/_paper_work/hs1.fa -p /home/mpiuser/hifi_real/hifi_10x.fa -k 25 -r 0.01 -t 0.4 -d 0.075 -o 0.3 -m Containment -@ 16 -x --profile-log /home/mpiuser/bench-results/4c36739d9c85-2026-08-01/raw/B04_shmap-rs_Containment_t16_r0.json
B04	shmap-rs	Containment	32	0	REF-HS1	D4-HIFI10X	paper	0	42.92	3.576	37.587	7956412	2419796	2273122	/usr/bin/time -v -o /home/mpiuser/bench-results/4c36739d9c85-2026-08-01/raw/B04_shmap-rs_Containment_t32_r0.time /home/mpiuser/bench-work/4c36739d9c85/target/release/shmap -s /home/mpiuser/_paper_work/hs1.fa -p /home/mpiuser/hifi_real/hifi_10x.fa -k 25 -r 0.01 -t 0.4 -d 0.075 -o 0.3 -m Containment -@ 32 -x --profile-log /home/mpiuser/bench-results/4c36739d9c85-2026-08-01/raw/B04_shmap-rs_Containment_t32_r0.json
B04	shmap-rs	Containment	64	0	REF-HS1	D4-HIFI10X	paper	0	42.77	3.408	37.42	9335988	2419796	2273122	/usr/bin/time -v -o /home/mpiuser/bench-results/4c36739d9c85-2026-08-01/raw/B04_shmap-rs_Containment_t64_r0.time /home/mpiuser/bench-work/4c36739d9c85/target/release/shmap -s /home/mpiuser/_paper_work/hs1.fa -p /home/mpiuser/hifi_real/hifi_10x.fa -k 25 -r 0.01 -t 0.4 -d 0.075 -o 0.3 -m Containment -@ 64 -x --profile-log /home/mpiuser/bench-results/4c36739d9c85-2026-08-01/raw/B04_shmap-rs_Containment_t64_r0.json
B04	cpp-shmap	Jaccard	1	median3	REF-HS1	D4-HIFI10X	paper	0	1144.91			19769844	2411461	2286083	/usr/bin/time -v -o /home/mpiuser/bench-results/4c36739d9c85-2026-08-01/raw/B04_cpp-shmap_Jaccard_t1_r0.time /home/mpiuser/Pesho/shmap/release/shmap -s /home/mpiuser/_paper_work/hs1.fa -p /home/mpiuser/hifi_real/hifi_10x.fa -k 25 -r 0.01 -t 0.4 -d 0.075 -o 0.3 -m Jaccard
B04	shmap-rs	Jaccard	1	0	REF-HS1	D4-HIFI10X	paper	0	615.48	9.142	604.921	2315036	2411461	2286085	/usr/bin/time -v -o /home/mpiuser/bench-results/4c36739d9c85-2026-08-01/raw/B04_shmap-rs_Jaccard_t1_r0.time /home/mpiuser/bench-work/4c36739d9c85/target/release/shmap -s /home/mpiuser/_paper_work/hs1.fa -p /home/mpiuser/hifi_real/hifi_10x.fa -k 25 -r 0.01 -t 0.4 -d 0.075 -o 0.3 -m Jaccard -@ 1 -x --profile-log /home/mpiuser/bench-results/4c36739d9c85-2026-08-01/raw/B04_shmap-rs_Jaccard_t1_r0.json
B04	shmap-rs	Jaccard	2	0	REF-HS1	D4-HIFI10X	paper	0	335.1	7.792	324.822	1964016	2411461	2286085	/usr/bin/time -v -o /home/mpiuser/bench-results/4c36739d9c85-2026-08-01/raw/B04_shmap-rs_Jaccard_t2_r0.time /home/mpiuser/bench-work/4c36739d9c85/target/release/shmap -s /home/mpiuser/_paper_work/hs1.fa -p /home/mpiuser/hifi_real/hifi_10x.fa -k 25 -r 0.01 -t 0.4 -d 0.075 -o 0.3 -m Jaccard -@ 2 -x --profile-log /home/mpiuser/bench-results/4c36739d9c85-2026-08-01/raw/B04_shmap-rs_Jaccard_t2_r0.json
B04	shmap-rs	Jaccard	4	0	REF-HS1	D4-HIFI10X	paper	0	179.82	4.762	173.146	2063068	2411461	2286085	/usr/bin/time -v -o /home/mpiuser/bench-results/4c36739d9c85-2026-08-01/raw/B04_shmap-rs_Jaccard_t4_r0.time /home/mpiuser/bench-work/4c36739d9c85/target/release/shmap -s /home/mpiuser/_paper_work/hs1.fa -p /home/mpiuser/hifi_real/hifi_10x.fa -k 25 -r 0.01 -t 0.4 -d 0.075 -o 0.3 -m Jaccard -@ 4 -x --profile-log /home/mpiuser/bench-results/4c36739d9c85-2026-08-01/raw/B04_shmap-rs_Jaccard_t4_r0.json
B04	shmap-rs	Jaccard	8	0	REF-HS1	D4-HIFI10X	paper	0	95.03999999999999	2.837	90.558	2443128	2411461	2286085	/usr/bin/time -v -o /home/mpiuser/bench-results/4c36739d9c85-2026-08-01/raw/B04_shmap-rs_Jaccard_t8_r0.time /home/mpiuser/bench-work/4c36739d9c85/target/release/shmap -s /home/mpiuser/_paper_work/hs1.fa -p /home/mpiuser/hifi_real/hifi_10x.fa -k 25 -r 0.01 -t 0.4 -d 0.075 -o 0.3 -m Jaccard -@ 8 -x --profile-log /home/mpiuser/bench-results/4c36739d9c85-2026-08-01/raw/B04_shmap-rs_Jaccard_t8_r0.json
B04	shmap-rs	Jaccard	16	0	REF-HS1	D4-HIFI10X	paper	0	52.84	3.76	47.696	3115804	2411461	2286085	/usr/bin/time -v -o /home/mpiuser/bench-results/4c36739d9c85-2026-08-01/raw/B04_shmap-rs_Jaccard_t16_r0.time /home/mpiuser/bench-work/4c36739d9c85/target/release/shmap -s /home/mpiuser/_paper_work/hs1.fa -p /home/mpiuser/hifi_real/hifi_10x.fa -k 25 -r 0.01 -t 0.4 -d 0.075 -o 0.3 -m Jaccard -@ 16 -x --profile-log /home/mpiuser/bench-results/4c36739d9c85-2026-08-01/raw/B04_shmap-rs_Jaccard_t16_r0.json
B04	shmap-rs	Jaccard	32	0	REF-HS1	D4-HIFI10X	paper	0	40.17	3.428	35.023	8209264	2411461	2286085	/usr/bin/time -v -o /home/mpiuser/bench-results/4c36739d9c85-2026-08-01/raw/B04_shmap-rs_Jaccard_t32_r0.time /home/mpiuser/bench-work/4c36739d9c85/target/release/shmap -s /home/mpiuser/_paper_work/hs1.fa -p /home/mpiuser/hifi_real/hifi_10x.fa -k 25 -r 0.01 -t 0.4 -d 0.075 -o 0.3 -m Jaccard -@ 32 -x --profile-log /home/mpiuser/bench-results/4c36739d9c85-2026-08-01/raw/B04_shmap-rs_Jaccard_t32_r0.json
B04	shmap-rs	Jaccard	64	0	REF-HS1	D4-HIFI10X	paper	0	42.72	3.847	37.136	8089768	2411461	2286085	/usr/bin/time -v -o /home/mpiuser/bench-results/4c36739d9c85-2026-08-01/raw/B04_shmap-rs_Jaccard_t64_r0.time /home/mpiuser/bench-work/4c36739d9c85/target/release/shmap -s /home/mpiuser/_paper_work/hs1.fa -p /home/mpiuser/hifi_real/hifi_10x.fa -k 25 -r 0.01 -t 0.4 -d 0.075 -o 0.3 -m Jaccard -@ 64 -x --profile-log /home/mpiuser/bench-results/4c36739d9c85-2026-08-01/raw/B04_shmap-rs_Jaccard_t64_r0.json
B04	cpp-shmap	bucket_SH	1	median3	REF-HS1	D4-HIFI10X	paper	0	664.97			19769148	2420331	2267238	/usr/bin/time -v -o /home/mpiuser/bench-results/4c36739d9c85-2026-08-01/raw/B04_cpp-shmap_bucket_SH_t1_r0.time /home/mpiuser/Pesho/shmap/release/shmap -s /home/mpiuser/_paper_work/hs1.fa -p /home/mpiuser/hifi_real/hifi_10x.fa -k 25 -r 0.01 -t 0.4 -d 0.075 -o 0.3 -m bucket_SH
B04	shmap-rs	bucket_SH	1	0	REF-HS1	D4-HIFI10X	paper	0	359.58	9.417	348.607	2190496	2420331	2267229	/usr/bin/time -v -o /home/mpiuser/bench-results/4c36739d9c85-2026-08-01/raw/B04_shmap-rs_bucket_SH_t1_r0.time /home/mpiuser/bench-work/4c36739d9c85/target/release/shmap -s /home/mpiuser/_paper_work/hs1.fa -p /home/mpiuser/hifi_real/hifi_10x.fa -k 25 -r 0.01 -t 0.4 -d 0.075 -o 0.3 -m bucket_SH -@ 1 -x --profile-log /home/mpiuser/bench-results/4c36739d9c85-2026-08-01/raw/B04_shmap-rs_bucket_SH_t1_r0.json
B04	shmap-rs	bucket_SH	2	0	REF-HS1	D4-HIFI10X	paper	0	199.18	7.582	190.108	1968128	2420331	2267229	/usr/bin/time -v -o /home/mpiuser/bench-results/4c36739d9c85-2026-08-01/raw/B04_shmap-rs_bucket_SH_t2_r0.time /home/mpiuser/bench-work/4c36739d9c85/target/release/shmap -s /home/mpiuser/_paper_work/hs1.fa -p /home/mpiuser/hifi_real/hifi_10x.fa -k 25 -r 0.01 -t 0.4 -d 0.075 -o 0.3 -m bucket_SH -@ 2 -x --profile-log /home/mpiuser/bench-results/4c36739d9c85-2026-08-01/raw/B04_shmap-rs_bucket_SH_t2_r0.json
B04	shmap-rs	bucket_SH	4	0	REF-HS1	D4-HIFI10X	paper	0	119.2	4.569	112.739	2113864	2420331	2267229	/usr/bin/time -v -o /home/mpiuser/bench-results/4c36739d9c85-2026-08-01/raw/B04_shmap-rs_bucket_SH_t4_r0.time /home/mpiuser/bench-work/4c36739d9c85/target/release/shmap -s /home/mpiuser/_paper_work/hs1.fa -p /home/mpiuser/hifi_real/hifi_10x.fa -k 25 -r 0.01 -t 0.4 -d 0.075 -o 0.3 -m bucket_SH -@ 4 -x --profile-log /home/mpiuser/bench-results/4c36739d9c85-2026-08-01/raw/B04_shmap-rs_bucket_SH_t4_r0.json
B04	shmap-rs	bucket_SH	8	0	REF-HS1	D4-HIFI10X	paper	0	62.51	3.023	57.976	2463536	2420331	2267229	/usr/bin/time -v -o /home/mpiuser/bench-results/4c36739d9c85-2026-08-01/raw/B04_shmap-rs_bucket_SH_t8_r0.time /home/mpiuser/bench-work/4c36739d9c85/target/release/shmap -s /home/mpiuser/_paper_work/hs1.fa -p /home/mpiuser/hifi_real/hifi_10x.fa -k 25 -r 0.01 -t 0.4 -d 0.075 -o 0.3 -m bucket_SH -@ 8 -x --profile-log /home/mpiuser/bench-results/4c36739d9c85-2026-08-01/raw/B04_shmap-rs_bucket_SH_t8_r0.json
B04	shmap-rs	bucket_SH	16	0	REF-HS1	D4-HIFI10X	paper	0	41.38	3.275	36.307	6293480	2420331	2267229	/usr/bin/time -v -o /home/mpiuser/bench-results/4c36739d9c85-2026-08-01/raw/B04_shmap-rs_bucket_SH_t16_r0.time /home/mpiuser/bench-work/4c36739d9c85/target/release/shmap -s /home/mpiuser/_paper_work/hs1.fa -p /home/mpiuser/hifi_real/hifi_10x.fa -k 25 -r 0.01 -t 0.4 -d 0.075 -o 0.3 -m bucket_SH -@ 16 -x --profile-log /home/mpiuser/bench-results/4c36739d9c85-2026-08-01/raw/B04_shmap-rs_bucket_SH_t16_r0.json
B04	shmap-rs	bucket_SH	32	0	REF-HS1	D4-HIFI10X	paper	0	40.96	3.599	35.517	8233592	2420331	2267229	/usr/bin/time -v -o /home/mpiuser/bench-results/4c36739d9c85-2026-08-01/raw/B04_shmap-rs_bucket_SH_t32_r0.time /home/mpiuser/bench-work/4c36739d9c85/target/release/shmap -s /home/mpiuser/_paper_work/hs1.fa -p /home/mpiuser/hifi_real/hifi_10x.fa -k 25 -r 0.01 -t 0.4 -d 0.075 -o 0.3 -m bucket_SH -@ 32 -x --profile-log /home/mpiuser/bench-results/4c36739d9c85-2026-08-01/raw/B04_shmap-rs_bucket_SH_t32_r0.json
B04	shmap-rs	bucket_SH	64	0	REF-HS1	D4-HIFI10X	paper	0	45.04	3.95	39.035	9894004	2420331	2267229	/usr/bin/time -v -o /home/mpiuser/bench-results/4c36739d9c85-2026-08-01/raw/B04_shmap-rs_bucket_SH_t64_r0.time /home/mpiuser/bench-work/4c36739d9c85/target/release/shmap -s /home/mpiuser/_paper_work/hs1.fa -p /home/mpiuser/hifi_real/hifi_10x.fa -k 25 -r 0.01 -t 0.4 -d 0.075 -o 0.3 -m bucket_SH -@ 64 -x --profile-log /home/mpiuser/bench-results/4c36739d9c85-2026-08-01/raw/B04_shmap-rs_bucket_SH_t64_r0.json
B05	cpp-shmap	Containment	1	median3	REF-HS1	D6-ONT24K	paper	0	59.99			19762680	39608	37839	/usr/bin/time -v -o /home/mpiuser/bench-results/4c36739d9c85-2026-08-01/raw/B05_cpp-shmap_Containment_t1_r0.time /home/mpiuser/Pesho/shmap/release/shmap -s /home/mpiuser/_paper_work/hs1.fa -p /home/mpiuser/ont24k/reads_ont24k.fa -k 25 -r 0.01 -t 0.4 -d 0.075 -o 0.3 -m Containment
B05	shmap-rs	Containment	1	0	REF-HS1	D6-ONT24K	paper	0	24.78	9.551	13.757	2136180	39608	37839	/usr/bin/time -v -o /home/mpiuser/bench-results/4c36739d9c85-2026-08-01/raw/B05_shmap-rs_Containment_t1_r0.time /home/mpiuser/bench-work/4c36739d9c85/target/release/shmap -s /home/mpiuser/_paper_work/hs1.fa -p /home/mpiuser/ont24k/reads_ont24k.fa -k 25 -r 0.01 -t 0.4 -d 0.075 -o 0.3 -m Containment -@ 1 -x --profile-log /home/mpiuser/bench-results/4c36739d9c85-2026-08-01/raw/B05_shmap-rs_Containment_t1_r0.json
B05	shmap-rs	Containment	2	0	REF-HS1	D6-ONT24K	paper	0	16.16	7.945	6.771	1875540	39608	37839	/usr/bin/time -v -o /home/mpiuser/bench-results/4c36739d9c85-2026-08-01/raw/B05_shmap-rs_Containment_t2_r0.time /home/mpiuser/bench-work/4c36739d9c85/target/release/shmap -s /home/mpiuser/_paper_work/hs1.fa -p /home/mpiuser/ont24k/reads_ont24k.fa -k 25 -r 0.01 -t 0.4 -d 0.075 -o 0.3 -m Containment -@ 2 -x --profile-log /home/mpiuser/bench-results/4c36739d9c85-2026-08-01/raw/B05_shmap-rs_Containment_t2_r0.json
B05	shmap-rs	Containment	4	0	REF-HS1	D6-ONT24K	paper	0	11.33	5.006	4.507	1937612	39608	37839	/usr/bin/time -v -o /home/mpiuser/bench-results/4c36739d9c85-2026-08-01/raw/B05_shmap-rs_Containment_t4_r0.time /home/mpiuser/bench-work/4c36739d9c85/target/release/shmap -s /home/mpiuser/_paper_work/hs1.fa -p /home/mpiuser/ont24k/reads_ont24k.fa -k 25 -r 0.01 -t 0.4 -d 0.075 -o 0.3 -m Containment -@ 4 -x --profile-log /home/mpiuser/bench-results/4c36739d9c85-2026-08-01/raw/B05_shmap-rs_Containment_t4_r0.json
B05	shmap-rs	Containment	8	0	REF-HS1	D6-ONT24K	paper	0	7.01	3.217	2.263	2108572	39608	37839	/usr/bin/time -v -o /home/mpiuser/bench-results/4c36739d9c85-2026-08-01/raw/B05_shmap-rs_Containment_t8_r0.time /home/mpiuser/bench-work/4c36739d9c85/target/release/shmap -s /home/mpiuser/_paper_work/hs1.fa -p /home/mpiuser/ont24k/reads_ont24k.fa -k 25 -r 0.01 -t 0.4 -d 0.075 -o 0.3 -m Containment -@ 8 -x --profile-log /home/mpiuser/bench-results/4c36739d9c85-2026-08-01/raw/B05_shmap-rs_Containment_t8_r0.json
B05	shmap-rs	Containment	16	0	REF-HS1	D6-ONT24K	paper	0	6.48	3.434	1.675	2175604	39608	37839	/usr/bin/time -v -o /home/mpiuser/bench-results/4c36739d9c85-2026-08-01/raw/B05_shmap-rs_Containment_t16_r0.time /home/mpiuser/bench-work/4c36739d9c85/target/release/shmap -s /home/mpiuser/_paper_work/hs1.fa -p /home/mpiuser/ont24k/reads_ont24k.fa -k 25 -r 0.01 -t 0.4 -d 0.075 -o 0.3 -m Containment -@ 16 -x --profile-log /home/mpiuser/bench-results/4c36739d9c85-2026-08-01/raw/B05_shmap-rs_Containment_t16_r0.json
B05	shmap-rs	Containment	32	0	REF-HS1	D6-ONT24K	paper	0	6.72	3.646	1.665	2270616	39608	37839	/usr/bin/time -v -o /home/mpiuser/bench-results/4c36739d9c85-2026-08-01/raw/B05_shmap-rs_Containment_t32_r0.time /home/mpiuser/bench-work/4c36739d9c85/target/release/shmap -s /home/mpiuser/_paper_work/hs1.fa -p /home/mpiuser/ont24k/reads_ont24k.fa -k 25 -r 0.01 -t 0.4 -d 0.075 -o 0.3 -m Containment -@ 32 -x --profile-log /home/mpiuser/bench-results/4c36739d9c85-2026-08-01/raw/B05_shmap-rs_Containment_t32_r0.json
B05	shmap-rs	Containment	64	0	REF-HS1	D6-ONT24K	paper	0	7.06	3.69	1.861	2425004	39608	37839	/usr/bin/time -v -o /home/mpiuser/bench-results/4c36739d9c85-2026-08-01/raw/B05_shmap-rs_Containment_t64_r0.time /home/mpiuser/bench-work/4c36739d9c85/target/release/shmap -s /home/mpiuser/_paper_work/hs1.fa -p /home/mpiuser/ont24k/reads_ont24k.fa -k 25 -r 0.01 -t 0.4 -d 0.075 -o 0.3 -m Containment -@ 64 -x --profile-log /home/mpiuser/bench-results/4c36739d9c85-2026-08-01/raw/B05_shmap-rs_Containment_t64_r0.json
B05	cpp-shmap	Jaccard	1	median3	REF-HS1	D6-ONT24K	paper	0	66.6			19762684	5956	5409	/usr/bin/time -v -o /home/mpiuser/bench-results/4c36739d9c85-2026-08-01/raw/B05_cpp-shmap_Jaccard_t1_r0.time /home/mpiuser/Pesho/shmap/release/shmap -s /home/mpiuser/_paper_work/hs1.fa -p /home/mpiuser/ont24k/reads_ont24k.fa -k 25 -r 0.01 -t 0.4 -d 0.075 -o 0.3 -m Jaccard
B05	shmap-rs	Jaccard	1	0	REF-HS1	D6-ONT24K	paper	0	27.76	9.18	17.064	2161392	5956	5409	/usr/bin/time -v -o /home/mpiuser/bench-results/4c36739d9c85-2026-08-01/raw/B05_shmap-rs_Jaccard_t1_r0.time /home/mpiuser/bench-work/4c36739d9c85/target/release/shmap -s /home/mpiuser/_paper_work/hs1.fa -p /home/mpiuser/ont24k/reads_ont24k.fa -k 25 -r 0.01 -t 0.4 -d 0.075 -o 0.3 -m Jaccard -@ 1 -x --profile-log /home/mpiuser/bench-results/4c36739d9c85-2026-08-01/raw/B05_shmap-rs_Jaccard_t1_r0.json
B05	shmap-rs	Jaccard	2	0	REF-HS1	D6-ONT24K	paper	0	17.59	7.926	8.381	1866988	5956	5409	/usr/bin/time -v -o /home/mpiuser/bench-results/4c36739d9c85-2026-08-01/raw/B05_shmap-rs_Jaccard_t2_r0.time /home/mpiuser/bench-work/4c36739d9c85/target/release/shmap -s /home/mpiuser/_paper_work/hs1.fa -p /home/mpiuser/ont24k/reads_ont24k.fa -k 25 -r 0.01 -t 0.4 -d 0.075 -o 0.3 -m Jaccard -@ 2 -x --profile-log /home/mpiuser/bench-results/4c36739d9c85-2026-08-01/raw/B05_shmap-rs_Jaccard_t2_r0.json
B05	shmap-rs	Jaccard	4	0	REF-HS1	D6-ONT24K	paper	0	11.91	4.728	5.31	1936340	5956	5409	/usr/bin/time -v -o /home/mpiuser/bench-results/4c36739d9c85-2026-08-01/raw/B05_shmap-rs_Jaccard_t4_r0.time /home/mpiuser/bench-work/4c36739d9c85/target/release/shmap -s /home/mpiuser/_paper_work/hs1.fa -p /home/mpiuser/ont24k/reads_ont24k.fa -k 25 -r 0.01 -t 0.4 -d 0.075 -o 0.3 -m Jaccard -@ 4 -x --profile-log /home/mpiuser/bench-results/4c36739d9c85-2026-08-01/raw/B05_shmap-rs_Jaccard_t4_r0.json
B05	shmap-rs	Jaccard	8	0	REF-HS1	D6-ONT24K	paper	0	7.81	3.336	2.774	2111788	5956	5409	/usr/bin/time -v -o /home/mpiuser/bench-results/4c36739d9c85-2026-08-01/raw/B05_shmap-rs_Jaccard_t8_r0.time /home/mpiuser/bench-work/4c36739d9c85/target/release/shmap -s /home/mpiuser/_paper_work/hs1.fa -p /home/mpiuser/ont24k/reads_ont24k.fa -k 25 -r 0.01 -t 0.4 -d 0.075 -o 0.3 -m Jaccard -@ 8 -x --profile-log /home/mpiuser/bench-results/4c36739d9c85-2026-08-01/raw/B05_shmap-rs_Jaccard_t8_r0.json
B05	shmap-rs	Jaccard	16	0	REF-HS1	D6-ONT24K	paper	0	6.71	3.605	1.655	2154768	5956	5409	/usr/bin/time -v -o /home/mpiuser/bench-results/4c36739d9c85-2026-08-01/raw/B05_shmap-rs_Jaccard_t16_r0.time /home/mpiuser/bench-work/4c36739d9c85/target/release/shmap -s /home/mpiuser/_paper_work/hs1.fa -p /home/mpiuser/ont24k/reads_ont24k.fa -k 25 -r 0.01 -t 0.4 -d 0.075 -o 0.3 -m Jaccard -@ 16 -x --profile-log /home/mpiuser/bench-results/4c36739d9c85-2026-08-01/raw/B05_shmap-rs_Jaccard_t16_r0.json
B05	shmap-rs	Jaccard	32	0	REF-HS1	D6-ONT24K	paper	0	7.01	3.556	1.685	2264736	5956	5409	/usr/bin/time -v -o /home/mpiuser/bench-results/4c36739d9c85-2026-08-01/raw/B05_shmap-rs_Jaccard_t32_r0.time /home/mpiuser/bench-work/4c36739d9c85/target/release/shmap -s /home/mpiuser/_paper_work/hs1.fa -p /home/mpiuser/ont24k/reads_ont24k.fa -k 25 -r 0.01 -t 0.4 -d 0.075 -o 0.3 -m Jaccard -@ 32 -x --profile-log /home/mpiuser/bench-results/4c36739d9c85-2026-08-01/raw/B05_shmap-rs_Jaccard_t32_r0.json
B05	shmap-rs	Jaccard	64	0	REF-HS1	D6-ONT24K	paper	0	7.07	3.703	1.876	2431172	5956	5409	/usr/bin/time -v -o /home/mpiuser/bench-results/4c36739d9c85-2026-08-01/raw/B05_shmap-rs_Jaccard_t64_r0.time /home/mpiuser/bench-work/4c36739d9c85/target/release/shmap -s /home/mpiuser/_paper_work/hs1.fa -p /home/mpiuser/ont24k/reads_ont24k.fa -k 25 -r 0.01 -t 0.4 -d 0.075 -o 0.3 -m Jaccard -@ 64 -x --profile-log /home/mpiuser/bench-results/4c36739d9c85-2026-08-01/raw/B05_shmap-rs_Jaccard_t64_r0.json
B05	cpp-shmap	bucket_SH	1	median3	REF-HS1	D6-ONT24K	paper	0	59.99			19763192	41115	39225	/usr/bin/time -v -o /home/mpiuser/bench-results/4c36739d9c85-2026-08-01/raw/B05_cpp-shmap_bucket_SH_t1_r0.time /home/mpiuser/Pesho/shmap/release/shmap -s /home/mpiuser/_paper_work/hs1.fa -p /home/mpiuser/ont24k/reads_ont24k.fa -k 25 -r 0.01 -t 0.4 -d 0.075 -o 0.3 -m bucket_SH
B05	shmap-rs	bucket_SH	1	0	REF-HS1	D6-ONT24K	paper	0	23.57	9.226	12.766	2099816	41115	39226	/usr/bin/time -v -o /home/mpiuser/bench-results/4c36739d9c85-2026-08-01/raw/B05_shmap-rs_bucket_SH_t1_r0.time /home/mpiuser/bench-work/4c36739d9c85/target/release/shmap -s /home/mpiuser/_paper_work/hs1.fa -p /home/mpiuser/ont24k/reads_ont24k.fa -k 25 -r 0.01 -t 0.4 -d 0.075 -o 0.3 -m bucket_SH -@ 1 -x --profile-log /home/mpiuser/bench-results/4c36739d9c85-2026-08-01/raw/B05_shmap-rs_bucket_SH_t1_r0.json
B05	shmap-rs	bucket_SH	2	0	REF-HS1	D6-ONT24K	paper	0	16.86	7.789	7.309	1859964	41115	39226	/usr/bin/time -v -o /home/mpiuser/bench-results/4c36739d9c85-2026-08-01/raw/B05_shmap-rs_bucket_SH_t2_r0.time /home/mpiuser/bench-work/4c36739d9c85/target/release/shmap -s /home/mpiuser/_paper_work/hs1.fa -p /home/mpiuser/ont24k/reads_ont24k.fa -k 25 -r 0.01 -t 0.4 -d 0.075 -o 0.3 -m bucket_SH -@ 2 -x --profile-log /home/mpiuser/bench-results/4c36739d9c85-2026-08-01/raw/B05_shmap-rs_bucket_SH_t2_r0.json
B05	shmap-rs	bucket_SH	4	0	REF-HS1	D6-ONT24K	paper	0	10.49	4.863	3.816	1937020	41115	39226	/usr/bin/time -v -o /home/mpiuser/bench-results/4c36739d9c85-2026-08-01/raw/B05_shmap-rs_bucket_SH_t4_r0.time /home/mpiuser/bench-work/4c36739d9c85/target/release/shmap -s /home/mpiuser/_paper_work/hs1.fa -p /home/mpiuser/ont24k/reads_ont24k.fa -k 25 -r 0.01 -t 0.4 -d 0.075 -o 0.3 -m bucket_SH -@ 4 -x --profile-log /home/mpiuser/bench-results/4c36739d9c85-2026-08-01/raw/B05_shmap-rs_bucket_SH_t4_r0.json
B05	shmap-rs	bucket_SH	8	0	REF-HS1	D6-ONT24K	paper	0	6.93	3.221	2.166	2118516	41115	39226	/usr/bin/time -v -o /home/mpiuser/bench-results/4c36739d9c85-2026-08-01/raw/B05_shmap-rs_bucket_SH_t8_r0.time /home/mpiuser/bench-work/4c36739d9c85/target/release/shmap -s /home/mpiuser/_paper_work/hs1.fa -p /home/mpiuser/ont24k/reads_ont24k.fa -k 25 -r 0.01 -t 0.4 -d 0.075 -o 0.3 -m bucket_SH -@ 8 -x --profile-log /home/mpiuser/bench-results/4c36739d9c85-2026-08-01/raw/B05_shmap-rs_bucket_SH_t8_r0.json
B05	shmap-rs	bucket_SH	16	0	REF-HS1	D6-ONT24K	paper	0	6.39	3.212	1.714	2284948	41115	39226	/usr/bin/time -v -o /home/mpiuser/bench-results/4c36739d9c85-2026-08-01/raw/B05_shmap-rs_bucket_SH_t16_r0.time /home/mpiuser/bench-work/4c36739d9c85/target/release/shmap -s /home/mpiuser/_paper_work/hs1.fa -p /home/mpiuser/ont24k/reads_ont24k.fa -k 25 -r 0.01 -t 0.4 -d 0.075 -o 0.3 -m bucket_SH -@ 16 -x --profile-log /home/mpiuser/bench-results/4c36739d9c85-2026-08-01/raw/B05_shmap-rs_bucket_SH_t16_r0.json
B05	shmap-rs	bucket_SH	32	0	REF-HS1	D6-ONT24K	paper	0	6.2	3.099	1.712	2248316	41115	39226	/usr/bin/time -v -o /home/mpiuser/bench-results/4c36739d9c85-2026-08-01/raw/B05_shmap-rs_bucket_SH_t32_r0.time /home/mpiuser/bench-work/4c36739d9c85/target/release/shmap -s /home/mpiuser/_paper_work/hs1.fa -p /home/mpiuser/ont24k/reads_ont24k.fa -k 25 -r 0.01 -t 0.4 -d 0.075 -o 0.3 -m bucket_SH -@ 32 -x --profile-log /home/mpiuser/bench-results/4c36739d9c85-2026-08-01/raw/B05_shmap-rs_bucket_SH_t32_r0.json
B05	shmap-rs	bucket_SH	64	0	REF-HS1	D6-ONT24K	paper	0	5.92	2.891	1.611	2461584	41115	39226	/usr/bin/time -v -o /home/mpiuser/bench-results/4c36739d9c85-2026-08-01/raw/B05_shmap-rs_bucket_SH_t64_r0.time /home/mpiuser/bench-work/4c36739d9c85/target/release/shmap -s /home/mpiuser/_paper_work/hs1.fa -p /home/mpiuser/ont24k/reads_ont24k.fa -k 25 -r 0.01 -t 0.4 -d 0.075 -o 0.3 -m bucket_SH -@ 64 -x --profile-log /home/mpiuser/bench-results/4c36739d9c85-2026-08-01/raw/B05_shmap-rs_bucket_SH_t64_r0.json
